Date,Date_YMD,Status,TT,AN,AP,AR,AS,BR,CH,CT,DN,DD,DL,GA,GJ,HR,HP,JK,JH,KA,KL,LA,LD,MP,MH,MN,ML,MZ,NL,OR,PY,PB,RJ,SK,TN,TG,TR,UP,UT,WB,UN
14-Mar-20,2020-03-14,Deceased,2,0,0,0,0,0,0,0,0,0,1,0,0,0,0,0,0,1,0,0,0,0,0,0,0,0,0,0,0,0,0,0,0,0,0,0,0,0,0
15-Mar-20,2020-03-15,Deceased,0,0,0,0,0,0,0,0,0,0,0,0,0,0,0,0,0,0,0,0,0,0,0,0,0,0,0,0,0,0,0,0,0,0,0,0,0,0,0
16-Mar-20,2020-03-16,Deceased,0,0,0,0,0,0,0,0,0,0,0,0,0,0,0,0,0,0,0,0,0,0,0,0,0,0,0,0,0,0,0,0,0,0,0,0,0,0,0
17-Mar-20,2020-03-17,Deceased,1,0,0,0,0,0,0,0,0,0,0,0,0,0,0,0,0,0,0,0,0,0,1,0,0,0,0,0,0,0,0,0,0,0,0,0,0,0,0
18-Mar-20,2020-03-18,Deceased,0,0,0,0,0,0,0,0,0,0,0,0,0,0,0,0,0,0,0,0,0,0,0,0,0,0,0,0,0,0,0,0,0,0,0,0,0,0,0
19-Mar-20,2020-03-19,Deceased,1,0,0,0,0,0,0,0,0,0,0,0,0,0,0,0,0,0,0,0,0,0,0,0,0,0,0,0,0,1,0,0,0,0,0,0,0,0,0
20-Mar-20,2020-03-20,Deceased,0,0,0,0,0,0,0,0,0,0,0,0,0,0,0,0,0,0,0,0,0,0,0,0,0,0,0,0,0,0,0,0,0,0,0,0,0,0,0
21-Mar-20,2020-03-21,Deceased,0,0,0,0,0,0,0,0,0,0,0,0,0,0,0,0,0,0,0,0,0,0,0,0,0,0,0,0,0,0,0,0,0,0,0,0,0,0,0
22-Mar-20,2020-03-22,Deceased,3,0,0,0,0,1,0,0,0,0,0,0,1,0,0,0,0,0,0,0,0,0,1,0,0,0,0,0,0,0,0,0,0,0,0,0,0,0,0
23-Mar-20,2020-03-23,Deceased,2,0,0,0,0,0,0,0,0,0,0,0,0,0,1,0,0,0,0,0,0,0,0,0,0,0,0,0,0,0,0,0,0,0,0,0,0,1,0
24-Mar-20,2020-03-24,Deceased,1,0,0,0,0,0,0,0,0,0,0,0,0,0,0,0,0,0,0,0,0,0,0,0,0,0,0,0,0,0,0,0,1,0,0,0,0,0,0
25-Mar-20,2020-03-25,Deceased,1,0,0,0,0,0,0,0,0,0,0,0,0,0,0,0,0,0,0,0,0,1,0,0,0,0,0,0,0,0,0,0,0,0,0,0,0,0,0
26-Mar-20,2020-03-26,Deceased,5,0,0,0,0,0,0,0,0,0,0,0,2,0,0,1,0,1,0,0,0,0,1,0,0,0,0,0,0,0,0,0,0,0,0,0,0,0,0
27-Mar-20,2020-03-27,Deceased,3,0,0,0,0,0,0,0,0,0,0,0,0,0,0,0,0,1,0,0,0,1,1,0,0,0,0,0,0,0,0,0,0,0,0,0,0,0,0
28-Mar-20,2020-03-28,Deceased,5,0,0,0,0,0,0,0,0,0,0,0,1,0,0,0,0,0,1,0,0,0,2,0,0,0,0,0,0,0,0,0,0,1,0,0,0,0,0
29-Mar-20,2020-03-29,Deceased,3,0,0,0,0,0,0,0,0,0,1,0,1,0,0,0,0,0,0,0,0,0,1,0,0,0,0,0,0,0,0,0,0,0,0,0,0,0,0
30-Mar-20,2020-03-30,Deceased,13,0,0,0,0,0,0,0,0,0,0,0,1,0,0,0,0,0,0,0,0,2,2,0,0,0,0,0,0,2,0,0,0,5,0,0,0,1,0
31-Mar-20,2020-03-31,Deceased,6,0,0,0,0,0,0,0,0,0,0,0,0,0,0,1,0,0,1,0,0,1,1,0,0,0,0,0,0,1,0,0,0,0,0,0,0,1,0
01-Apr-20,2020-04-01,Deceased,9,0,0,0,0,0,0,0,0,0,0,0,0,0,0,0,0,0,0,0,0,1,3,0,0,0,0,0,0,0,0,0,0,3,0,2,0,0,0
02-Apr-20,2020-04-02,Deceased,14,0,0,0,0,0,0,0,0,0,2,0,1,0,0,0,0,0,0,0,0,2,8,0,0,0,0,0,0,1,0,0,0,0,0,0,0,0,0
03-Apr-20,2020-04-03,Deceased,14,0,1,0,0,0,0,0,0,0,2,0,2,0,1,0,0,1,0,0,0,0,5,0,0,0,0,0,0,0,0,0,0,2,0,0,0,0,0
04-Apr-20,2020-04-04,Deceased,13,0,0,0,0,0,0,0,0,0,0,0,1,0,0,0,0,0,0,0,0,3,6,0,0,0,0,0,0,0,1,0,2,0,0,0,0,0,0
05-Apr-20,2020-04-05,Deceased,22,0,0,0,0,0,0,0,0,0,1,0,1,0,0,0,0,0,0,0,0,2,13,0,0,0,0,0,0,2,0,0,2,0,0,1,0,0,0
06-Apr-20,2020-04-06,Deceased,16,0,2,0,0,0,0,0,0,0,0,0,1,2,0,0,0,0,0,0,0,2,7,0,0,0,0,0,0,0,1,0,1,0,0,0,0,0,0
07-Apr-20,2020-04-07,Deceased,27,0,1,0,0,0,0,0,0,0,2,0,2,0,0,1,0,0,0,0,0,6,12,0,0,0,0,1,0,1,0,0,1,0,0,0,0,0,0
08-Apr-20,2020-04-08,Deceased,20,0,0,0,0,0,0,0,0,0,0,0,2,0,0,0,0,1,0,0,0,3,8,0,0,0,0,0,0,1,1,0,1,0,0,1,0,2,0
09-Apr-20,2020-04-09,Deceased,46,0,2,0,0,0,0,0,0,0,3,0,2,0,0,1,1,1,0,0,0,9,25,0,0,0,0,0,0,1,0,0,0,1,0,0,0,0,0
10-Apr-20,2020-04-10,Deceased,22,0,0,0,1,0,0,0,0,0,2,0,1,0,0,0,0,0,0,0,0,4,12,0,0,0,0,0,0,1,0,0,1,0,0,0,0,0,0
11-Apr-20,2020-04-11,Deceased,40,0,0,0,0,0,0,0,0,0,5,0,3,0,0,0,0,0,1,0,0,4,17,0,0,0,0,0,0,1,6,0,1,2,0,1,0,0,0
12-Apr-20,2020-04-12,Deceased,42,0,1,0,0,0,0,0,0,0,5,0,2,1,0,0,1,0,0,0,0,3,22,0,0,0,0,0,0,0,2,0,1,2,0,0,0,2,0
13-Apr-20,2020-04-13,Deceased,27,0,0,0,0,0,0,0,0,0,4,0,2,0,0,0,0,2,0,0,0,7,11,0,0,0,0,0,0,0,0,0,0,1,0,0,0,0,0
14-Apr-20,2020-04-14,Deceased,37,0,4,0,0,0,0,0,0,0,2,0,2,0,0,0,0,2,0,0,0,3,18,0,0,0,0,0,0,1,0,0,1,1,0,3,0,0,0
15-Apr-20,2020-04-15,Deceased,27,0,3,0,0,0,0,0,0,0,2,0,5,0,0,0,0,2,0,0,0,0,9,0,1,0,0,0,0,0,0,0,2,0,0,3,0,0,0
16-Apr-20,2020-04-16,Deceased,26,0,0,0,0,0,0,0,0,0,6,0,3,0,0,0,0,1,0,0,0,2,7,0,0,0,0,0,0,1,0,0,1,0,0,2,0,3,0
17-Apr-20,2020-04-17,Deceased,38,0,0,0,0,0,0,0,0,0,4,0,5,0,0,1,0,0,0,0,0,14,7,0,0,0,0,0,0,0,6,0,0,0,0,1,0,0,0
18-Apr-20,2020-04-18,Deceased,35,0,2,0,0,1,0,0,0,0,1,0,12,0,0,0,0,1,0,0,0,0,10,0,0,0,0,0,0,2,4,0,0,0,0,0,0,2,0
19-Apr-20,2020-04-19,Deceased,38,0,1,0,0,0,0,0,0,0,2,0,10,0,0,0,0,2,0,0,0,3,12,0,0,0,0,0,0,0,2,0,0,3,0,3,0,0,0
20-Apr-20,2020-04-20,Deceased,33,0,3,0,0,0,0,0,0,0,2,0,8,0,0,0,0,0,0,0,0,4,9,0,0,0,0,0,0,0,2,0,2,2,0,1,0,0,0
21-Apr-20,2020-04-21,Deceased,53,0,2,0,0,0,0,0,0,0,0,0,19,0,0,0,0,1,0,0,0,4,19,0,0,0,0,0,0,0,1,0,1,0,0,3,0,3,0
22-Apr-20,2020-04-22,Deceased,36,0,2,0,0,0,0,0,0,0,1,0,13,0,0,0,0,0,0,0,0,0,18,0,0,0,0,0,0,0,1,0,0,1,0,0,0,0,0
23-Apr-20,2020-04-23,Deceased,40,0,3,0,0,0,0,0,0,0,2,0,9,0,0,0,1,0,0,0,0,3,14,0,0,0,0,0,0,1,1,0,2,1,0,3,0,0,0
24-Apr-20,2020-04-24,Deceased,59,0,2,0,0,0,0,0,0,0,3,0,15,0,0,0,0,1,1,0,0,9,18,0,0,0,0,0,0,0,4,0,2,0,0,1,0,3,0
25-Apr-20,2020-04-25,Deceased,44,0,2,0,0,0,0,0,0,0,1,0,6,0,0,1,0,0,0,0,0,7,22,0,0,0,0,0,0,0,2,0,1,0,0,2,0,0,0
26-Apr-20,2020-04-26,Deceased,56,0,0,0,0,0,0,0,0,0,0,0,18,0,0,0,0,1,0,0,0,4,19,0,0,0,0,0,0,1,7,0,1,0,0,3,0,2,0
27-Apr-20,2020-04-27,Deceased,58,0,0,0,0,0,0,0,0,0,0,0,11,0,0,1,0,1,0,0,0,7,27,0,0,0,0,0,0,1,9,0,0,0,0,1,0,0,0
28-Apr-20,2020-04-28,Deceased,69,0,0,0,0,0,0,0,0,0,0,0,19,0,0,1,0,0,0,0,0,10,31,0,0,0,0,0,0,0,2,0,1,0,0,3,0,2,0
29-Apr-20,2020-04-29,Deceased,71,0,0,0,0,0,0,0,0,0,2,0,16,0,0,0,0,1,0,0,0,10,32,0,0,0,0,0,0,0,3,0,2,0,0,5,0,0,0
30-Apr-20,2020-04-30,Deceased,75,0,0,0,0,0,0,0,0,0,3,0,17,1,0,0,0,1,0,0,0,7,27,0,0,0,0,0,0,1,3,0,0,3,0,1,0,11,0
01-May-20,2020-05-01,Deceased,77,0,2,0,0,1,0,0,0,0,2,0,22,0,0,0,0,0,0,0,0,8,26,0,0,0,0,0,0,0,4,0,1,0,0,2,1,8,0
02-May-20,2020-05-02,Deceased,92,0,0,0,0,1,0,0,0,0,3,0,26,1,0,0,0,3,0,0,0,6,36,0,0,0,0,0,0,0,6,0,1,1,0,1,0,7,0
03-May-20,2020-05-03,Deceased,140,0,0,0,0,0,1,0,0,0,0,0,28,0,0,0,0,0,0,0,0,5,27,0,0,0,0,0,0,1,3,0,1,0,0,0,0,74,0
04-May-20,2020-05-04,Deceased,103,0,0,0,0,0,0,0,0,0,0,0,29,1,0,0,0,2,0,0,0,9,35,0,0,0,0,0,0,2,6,0,1,0,0,7,0,11,0
05-May-20,2020-05-05,Deceased,128,0,1,0,0,0,0,0,0,0,0,0,49,0,1,0,0,2,0,0,0,11,34,0,0,0,0,1,0,2,12,0,2,0,0,6,0,7,0
06-May-20,2020-05-06,Deceased,91,0,2,0,0,0,0,0,0,0,1,0,28,1,0,0,0,0,0,0,0,9,34,0,0,0,0,0,0,2,4,0,2,0,0,4,0,4,0
07-May-20,2020-05-07,Deceased,104,0,2,0,0,1,0,0,0,0,1,0,29,0,0,1,0,1,0,0,0,8,43,0,0,0,0,0,0,1,6,0,2,0,0,2,0,7,0
08-May-20,2020-05-08,Deceased,97,0,3,0,1,0,1,0,0,0,2,0,24,1,0,0,0,0,0,0,0,7,37,0,0,0,0,0,0,1,4,0,3,0,0,4,0,9,0
09-May-20,2020-05-09,Deceased,115,0,3,0,-1,0,0,0,0,0,0,0,23,1,0,0,0,0,0,0,0,11,48,0,0,0,0,1,0,2,3,0,4,1,0,8,0,11,0
10-May-20,2020-05-10,Deceased,112,0,1,0,0,1,1,0,0,0,5,0,21,1,0,0,0,1,0,0,0,4,53,0,0,0,0,0,0,0,2,0,3,0,0,5,0,14,0
11-May-20,2020-05-11,Deceased,81,0,0,0,0,0,0,0,0,0,0,0,20,1,0,1,0,0,0,0,0,6,36,0,0,0,0,0,0,0,5,0,6,0,0,1,0,5,0
12-May-20,2020-05-12,Deceased,120,0,1,0,0,0,0,0,0,0,13,0,24,0,0,0,0,0,0,0,0,4,53,0,0,0,0,0,0,1,4,0,8,2,0,2,0,8,0
13-May-20,2020-05-13,Deceased,137,0,1,0,0,1,0,0,0,0,20,0,29,0,0,1,0,2,0,0,0,7,54,0,0,0,0,0,0,0,4,0,3,2,0,4,0,9,0
14-May-20,2020-05-14,Deceased,97,0,1,0,0,0,0,0,0,0,9,0,20,0,0,0,0,2,0,0,0,5,44,0,0,0,0,0,0,0,4,0,2,0,0,2,0,8,0
15-May-20,2020-05-15,Deceased,104,0,0,0,0,0,0,0,0,0,8,0,20,2,0,0,0,1,0,0,0,2,49,0,0,0,0,0,0,0,0,0,5,0,0,7,0,10,0
16-May-20,2020-05-16,Deceased,120,0,1,0,0,1,0,0,0,0,6,0,19,0,0,1,0,0,0,0,0,4,67,0,0,0,0,0,0,0,1,0,4,0,0,9,0,7,0
17-May-20,2020-05-17,Deceased,152,0,1,0,0,0,0,0,0,0,19,0,34,1,0,1,0,1,0,0,0,5,63,0,0,0,0,1,0,3,5,0,4,0,0,8,0,6,0
18-May-20,2020-05-18,Deceased,131,0,0,0,2,1,0,0,0,0,12,0,35,0,0,2,0,0,0,0,0,4,51,0,0,0,0,0,0,2,7,0,3,0,0,6,0,6,0
19-May-20,2020-05-19,Deceased,146,0,2,0,0,0,0,0,0,0,6,0,25,0,1,2,0,3,0,0,0,6,76,0,0,0,0,1,0,1,5,0,3,4,0,5,0,6,0
20-May-20,2020-05-20,Deceased,134,0,1,0,0,0,0,0,0,0,10,0,30,0,0,1,0,1,0,0,0,9,65,0,0,0,0,1,0,0,4,0,3,2,0,4,0,3,0
21-May-20,2020-05-21,Deceased,148,0,1,0,0,0,0,0,0,0,18,0,24,0,0,2,0,0,0,0,0,4,64,0,0,0,0,1,0,1,4,0,7,5,0,11,0,6,0
22-May-20,2020-05-22,Deceased,142,0,1,0,0,2,0,0,0,0,14,0,29,2,0,0,0,0,1,0,0,1,63,0,0,0,0,0,0,0,2,0,4,3,0,14,0,6,0
23-May-20,2020-05-23,Deceased,142,0,1,0,0,0,0,0,0,0,23,0,27,0,0,1,0,1,0,0,0,9,60,0,0,0,0,0,0,0,7,0,5,1,0,3,0,4,0
24-May-20,2020-05-24,Deceased,156,0,0,0,0,0,1,0,0,0,30,0,29,0,0,0,1,0,1,0,0,9,58,0,0,0,0,0,0,1,3,0,8,4,0,6,2,3,0
25-May-20,2020-05-25,Deceased,150,0,0,0,0,2,0,0,0,0,15,0,30,0,0,2,0,2,0,0,0,10,60,0,0,0,0,0,0,0,4,0,7,3,0,8,1,6,0
26-May-20,2020-05-26,Deceased,173,0,1,0,0,1,0,0,0,0,12,0,27,0,0,1,0,0,1,0,0,5,97,0,0,0,0,0,0,0,3,0,11,1,0,8,0,5,0
27-May-20,2020-05-27,Deceased,188,0,1,0,0,1,0,0,0,0,15,0,23,2,2,2,0,3,0,0,0,8,105,0,0,0,0,0,0,0,3,0,6,6,0,5,0,6,0
28-May-20,2020-05-28,Deceased,176,0,1,0,0,0,0,0,0,0,13,0,22,1,0,1,0,0,1,0,0,8,85,0,0,0,0,0,0,0,7,0,12,4,0,15,0,6,0
29-May-20,2020-05-29,Deceased,269,0,1,0,0,0,0,1,0,0,82,0,20,0,0,1,1,1,1,0,0,13,116,0,0,0,0,2,0,2,4,0,9,4,0,4,0,7,0
30-May-20,2020-05-30,Deceased,205,0,0,0,0,6,0,0,0,0,18,0,27,1,0,0,0,1,1,0,0,9,99,0,0,0,0,0,0,2,9,0,6,6,0,12,1,7,0
31-May-20,2020-05-31,Deceased,222,0,2,0,0,2,0,0,0,0,57,0,31,0,0,0,0,2,0,0,0,7,89,0,0,0,0,0,0,1,1,0,13,5,0,4,0,8,0
01-Jun-20,2020-06-01,Deceased,201,0,2,0,0,0,0,0,0,0,50,0,25,1,0,3,0,1,1,0,0,8,76,0,0,0,0,0,0,-1,5,0,11,6,0,5,0,8,0
02-Jun-20,2020-06-02,Deceased,222,0,0,0,0,1,1,1,0,0,33,0,29,2,0,2,0,0,1,1,0,6,103,0,0,0,0,0,0,2,4,0,13,4,0,7,2,10,0
03-Jun-20,2020-06-03,Deceased,259,0,4,0,0,1,0,0,0,0,59,0,30,0,0,1,0,1,0,0,0,7,122,0,0,0,0,0,0,1,6,0,8,7,0,1,1,10,0
04-Jun-20,2020-06-04,Deceased,274,0,3,0,0,3,0,0,0,0,44,0,33,1,0,1,1,4,3,0,0,6,123,0,0,0,0,0,0,0,4,0,15,6,0,15,2,10,0
05-Jun-20,2020-06-05,Deceased,286,0,2,0,0,1,0,0,0,0,49,0,35,0,0,1,1,0,0,0,0,7,139,0,0,0,0,1,0,1,5,0,12,8,0,12,1,11,0
06-Jun-20,2020-06-06,Deceased,297,0,0,0,0,0,0,2,0,0,53,0,29,0,0,3,0,2,1,0,0,15,120,0,0,0,0,0,0,2,13,0,19,10,0,11,0,17,0
07-Jun-20,2020-06-07,Deceased,261,0,2,0,0,1,0,0,0,0,51,0,30,4,0,2,0,2,0,0,0,13,91,0,0,0,0,1,0,1,9,0,18,14,0,7,2,13,0
08-Jun-20,2020-06-08,Deceased,271,0,0,0,0,1,0,0,0,0,62,0,31,11,0,4,0,3,1,0,0,2,109,0,0,0,0,0,0,2,6,0,17,5,0,8,0,9,0
09-Jun-20,2020-06-09,Deceased,272,0,2,0,1,2,0,1,0,0,31,0,33,6,0,3,1,2,0,0,0,6,120,0,0,0,0,0,0,2,9,0,18,6,1,18,0,10,0
10-Jun-20,2020-06-10,Deceased,358,0,1,0,1,1,0,1,0,0,79,0,34,7,1,3,0,3,1,0,0,7,149,0,0,0,0,0,0,0,4,0,19,8,0,20,2,17,0
11-Jun-20,2020-06-11,Deceased,394,0,2,0,0,0,0,0,0,0,101,0,38,12,0,1,0,3,1,0,0,4,152,0,0,0,0,1,2,4,6,0,23,9,0,24,1,10,0
12-Jun-20,2020-06-12,Deceased,388,0,0,0,2,1,0,0,0,0,129,0,31,6,0,1,0,7,1,0,0,9,127,0,0,0,0,1,1,4,7,0,18,9,0,20,5,9,0
13-Jun-20,2020-06-13,Deceased,309,0,2,0,0,0,0,0,0,0,57,0,33,8,0,2,0,3,0,0,0,7,113,0,0,0,0,0,0,2,10,0,30,8,0,20,2,12,0
14-Jun-20,2020-06-14,Deceased,324,0,2,0,0,1,0,3,0,0,56,0,29,10,0,4,0,5,0,0,0,12,120,0,0,0,0,1,1,2,10,0,38,3,0,14,1,12,0
15-Jun-20,2020-06-15,Deceased,396,0,2,0,0,2,1,0,0,0,73,0,28,12,0,3,1,2,1,0,0,6,178,0,0,0,0,0,0,4,9,0,44,2,0,18,0,10,0
16-Jun-20,2020-06-16,Deceased,2004,0,2,0,0,1,0,0,0,0,437,0,28,18,0,1,0,7,0,0,0,11,1409,0,0,0,0,0,0,1,7,0,49,4,0,18,1,10,0
17-Jun-20,2020-06-17,Deceased,341,0,2,0,0,0,0,0,0,0,67,0,27,12,0,1,1,8,0,0,0,6,114,0,0,0,0,0,1,6,5,0,48,1,0,30,1,11,0
18-Jun-20,2020-06-18,Deceased,343,0,2,0,1,5,0,0,0,0,65,0,31,4,0,7,1,12,1,0,0,4,100,0,0,0,0,0,1,5,17,0,49,3,0,23,0,12,0
19-Jun-20,2020-06-19,Deceased,364,0,4,0,0,5,0,1,0,0,66,0,27,10,0,4,0,9,0,0,0,9,142,0,0,0,0,0,1,9,3,0,41,3,0,19,0,11,0
20-Jun-20,2020-06-20,Deceased,308,0,5,0,0,0,0,1,0,0,77,0,20,5,0,6,0,9,0,0,0,6,91,0,0,0,0,1,0,6,4,0,38,5,0,22,1,11,0
21-Jun-20,2020-06-21,Deceased,426,0,5,0,0,2,0,0,0,0,63,0,25,11,0,1,0,5,0,0,0,14,186,0,0,0,0,4,1,1,12,0,53,7,0,21,0,15,0
22-Jun-20,2020-06-22,Deceased,312,0,5,0,0,1,0,1,0,0,58,1,21,9,0,3,0,5,0,0,0,6,113,0,0,0,0,2,0,2,7,0,37,7,0,19,1,14,0
23-Jun-20,2020-06-23,Deceased,468,0,8,0,0,2,0,0,0,0,68,1,26,9,0,2,0,8,1,0,0,4,248,0,0,0,0,3,1,4,9,0,39,3,0,19,2,11,0
24-Jun-20,2020-06-24,Deceased,424,0,10,1,0,1,0,0,0,0,64,0,25,10,0,1,1,14,0,0,0,9,208,0,0,0,0,0,0,8,10,0,33,5,0,8,5,11,0
25-Jun-20,2020-06-25,Deceased,401,0,7,0,0,1,0,0,0,0,64,0,18,10,1,2,0,6,0,0,0,8,192,0,0,0,0,0,0,7,4,0,45,5,0,15,1,15,0
26-Jun-20,2020-06-26,Deceased,381,0,10,0,0,0,0,1,0,0,63,0,18,13,0,1,0,10,0,0,0,4,175,0,0,0,0,0,0,2,1,0,46,7,0,19,1,10,0
27-Jun-20,2020-06-27,Deceased,414,0,11,0,1,2,0,0,0,0,66,0,18,7,0,2,0,11,0,0,0,4,167,0,0,0,0,1,1,6,11,0,68,6,0,19,0,13,0
28-Jun-20,2020-06-28,Deceased,384,0,12,0,1,4,0,0,0,0,65,1,19,5,0,1,0,16,0,0,0,7,156,0,0,0,0,3,1,5,8,0,54,4,0,11,1,10,0
29-Jun-20,2020-06-29,Deceased,417,0,11,0,0,1,0,0,0,0,57,0,19,9,0,1,3,19,1,0,0,7,181,0,0,0,0,2,0,5,6,0,62,6,0,12,1,14,0
30-Jun-20,2020-06-30,Deceased,506,0,7,0,1,5,0,0,0,0,62,0,20,4,1,6,0,20,1,0,0,8,245,0,0,0,0,2,1,6,8,0,60,7,0,25,2,15,0
01-Jul-20,2020-07-01,Deceased,438,0,6,0,0,5,0,1,0,0,61,1,21,4,0,4,0,7,1,0,0,9,198,0,0,0,0,1,0,5,8,0,63,7,0,21,0,15,0
02-Jul-20,2020-07-02,Deceased,378,0,5,0,2,5,0,0,0,0,61,0,19,11,0,10,0,19,0,0,0,8,125,0,0,0,0,2,0,3,9,0,57,8,0,17,1,16,0
03-Jul-20,2020-07-03,Deceased,444,0,8,0,0,6,0,0,0,0,59,0,18,4,0,4,0,21,0,0,0,4,198,0,0,0,0,2,1,5,10,0,64,8,0,14,0,18,0
04-Jul-20,2020-07-04,Deceased,611,0,12,0,0,4,0,0,0,0,81,2,21,5,1,8,3,42,0,0,0,5,295,0,0,0,0,6,1,5,7,0,65,5,0,24,0,19,0
05-Jul-20,2020-07-05,Deceased,421,0,14,0,0,2,0,0,0,0,63,1,18,5,0,5,1,37,0,0,0,10,151,0,0,0,0,3,0,2,9,0,60,7,0,12,0,21,0
06-Jul-20,2020-07-06,Deceased,473,0,7,1,0,7,0,0,0,0,48,0,17,11,0,6,1,30,2,0,0,9,204,0,0,0,0,2,0,5,5,0,61,11,0,24,0,22,0
07-Jul-20,2020-07-07,Deceased,479,0,13,0,2,1,1,0,1,0,50,1,17,3,0,5,2,15,0,0,0,5,224,0,0,0,0,6,0,6,11,0,65,7,0,18,1,25,0
08-Jul-20,2020-07-08,Deceased,492,0,12,0,6,2,0,0,0,0,48,0,16,3,0,6,0,54,0,0,0,7,198,0,1,0,0,7,0,3,10,0,64,11,0,18,3,23,0
09-Jul-20,2020-07-09,Deceased,479,0,13,0,5,9,0,1,0,0,45,1,15,5,0,5,1,17,0,0,0,5,219,0,0,0,0,6,2,5,9,0,65,7,0,17,0,27,0
10-Jul-20,2020-07-10,Deceased,520,0,15,0,8,2,0,2,0,0,42,0,14,3,0,5,0,57,0,0,0,4,226,0,0,0,0,6,1,4,6,0,64,8,0,27,0,26,0
11-Jul-20,2020-07-11,Deceased,543,0,17,0,2,7,1,0,0,0,34,3,10,7,0,10,1,70,2,0,0,6,223,0,0,0,0,6,1,8,6,0,69,9,1,24,0,26,0
12-Jul-20,2020-07-12,Deceased,500,0,19,0,4,7,0,2,0,0,37,2,13,4,0,10,7,71,2,0,0,9,173,0,0,0,0,5,0,4,7,0,68,8,0,21,1,26,0
13-Jul-20,2020-07-13,Deceased,541,0,37,1,4,9,0,0,0,0,40,3,10,7,0,8,2,73,2,0,0,10,193,0,0,0,0,7,0,5,8,0,66,9,0,21,2,24,0
14-Jul-20,2020-07-14,Deceased,587,0,43,0,6,9,2,1,0,0,35,1,14,4,0,8,3,87,1,0,0,10,213,0,0,0,0,5,0,9,6,0,67,10,0,28,1,24,0
15-Jul-20,2020-07-15,Deceased,614,0,44,0,2,14,1,0,1,0,41,0,10,7,0,11,2,87,1,0,0,9,233,0,0,0,0,5,3,8,6,0,68,11,1,29,0,20,0
16-Jul-20,2020-07-16,Deceased,680,0,40,0,2,10,0,1,0,0,58,1,10,3,0,16,4,104,2,0,0,7,266,0,0,0,0,2,1,9,8,0,69,10,0,34,0,23,0
17-Jul-20,2020-07-17,Deceased,676,0,42,0,1,6,0,3,0,0,26,2,17,5,0,9,4,115,1,1,0,9,258,0,0,0,0,6,3,9,8,0,79,7,0,38,1,26,0
18-Jul-20,2020-07-18,Deceased,543,0,52,0,2,4,1,0,0,0,26,0,19,17,0,5,2,93,2,0,0,8,144,0,0,0,0,3,3,7,7,0,88,6,2,24,1,27,0
19-Jul-20,2020-07-19,Deceased,675,0,56,0,4,2,0,0,0,0,31,1,20,5,0,8,1,91,2,0,0,15,258,0,2,0,0,7,0,8,6,0,78,6,0,38,0,36,0
20-Jul-20,2020-07-20,Deceased,596,0,54,0,1,8,0,4,0,0,35,1,20,6,0,10,4,72,1,0,0,17,176,0,0,0,0,6,1,8,9,0,70,7,2,46,3,35,0
21-Jul-20,2020-07-21,Deceased,671,0,62,0,6,11,0,1,0,0,27,3,34,9,1,9,8,61,1,0,0,18,246,0,0,0,0,8,1,1,9,0,75,7,1,37,0,35,0
22-Jul-20,2020-07-22,Deceased,1130,0,65,0,2,10,1,0,0,0,29,2,28,8,0,10,3,55,1,0,0,14,280,0,0,0,0,6,1,6,6,0,518,9,1,34,2,39,0
23-Jul-20,2020-07-23,Deceased,755,0,61,0,4,4,0,5,0,0,26,1,28,6,0,9,3,97,5,0,0,10,298,0,0,0,0,6,3,8,11,0,88,9,1,35,3,34,0
24-Jul-20,2020-07-24,Deceased,763,0,49,0,6,9,0,2,0,0,32,0,26,4,1,14,9,110,4,0,0,11,278,0,1,0,1,8,1,5,8,0,88,8,1,50,2,35,0
25-Jul-20,2020-07-25,Deceased,703,0,52,0,1,11,0,3,0,0,29,4,22,7,0,9,7,72,5,1,0,8,257,0,0,0,3,10,3,9,11,0,89,8,0,39,1,42,0
26-Jul-20,2020-07-26,Deceased,704,0,56,0,2,17,0,4,0,0,21,2,21,3,1,7,0,82,2,1,0,12,267,0,0,0,0,11,2,15,11,1,85,0,2,39,0,40,0
27-Jul-20,2020-07-27,Deceased,642,1,49,0,7,6,1,2,0,0,26,1,22,5,0,9,7,75,2,0,0,9,227,0,0,0,1,7,3,12,9,0,77,8,4,30,3,39,0
28-Jul-20,2020-07-28,Deceased,774,0,58,0,2,14,0,1,0,0,28,0,24,9,0,12,4,102,4,0,0,10,282,0,0,0,-1,8,4,18,11,0,88,9,4,41,4,38,0
29-Jul-20,2020-07-29,Deceased,775,1,65,0,4,4,0,4,0,0,26,3,24,7,0,15,5,90,1,2,0,14,298,1,0,0,0,6,0,25,10,0,82,12,0,33,2,41,0
30-Jul-20,2020-07-30,Deceased,784,1,68,0,2,12,0,1,0,0,29,3,22,4,0,17,4,83,2,1,0,13,266,3,0,0,0,10,1,9,13,0,100,13,0,57,4,46,0
31-Jul-20,2020-07-31,Deceased,764,2,68,0,4,13,1,3,0,0,27,3,22,4,0,12,3,84,3,0,0,10,265,1,0,0,0,9,1,16,13,0,94,14,0,43,4,45,0
01-Aug-20,2020-08-01,Deceased,854,2,58,0,3,14,3,1,0,0,26,3,24,7,0,11,8,98,8,0,0,9,322,1,0,0,0,11,2,19,14,0,99,11,2,47,3,48,0
02-Aug-20,2020-08-02,Deceased,760,1,67,0,4,10,1,3,0,0,15,5,22,5,0,8,4,84,1,0,0,10,260,1,0,0,0,11,1,18,12,0,98,10,4,53,3,49,0
03-Aug-20,2020-08-03,Deceased,806,2,63,0,4,14,0,3,0,0,17,3,22,7,0,11,7,98,2,0,0,14,266,0,0,0,0,12,4,19,13,0,109,11,0,48,4,53,0
04-Aug-20,2020-08-04,Deceased,849,2,67,0,6,13,1,8,0,0,12,4,25,8,0,10,4,110,3,0,0,12,300,0,0,0,0,10,2,20,13,0,108,12,1,39,5,54,0
05-Aug-20,2020-08-05,Deceased,919,2,77,0,6,20,0,2,0,0,11,4,23,7,0,9,7,100,7,0,0,17,334,0,0,0,2,11,7,29,13,0,112,13,2,40,3,61,0
06-Aug-20,2020-08-06,Deceased,899,2,72,0,5,19,0,6,0,0,15,2,27,3,0,10,9,93,3,0,0,17,316,1,0,0,0,11,5,26,12,0,110,13,1,61,4,56,0
07-Aug-20,2020-08-07,Deceased,936,3,89,0,6,12,3,10,0,0,23,4,22,9,0,13,6,100,5,2,0,16,300,2,0,0,1,12,5,22,10,0,119,12,5,63,10,52,0
08-Aug-20,2020-08-08,Deceased,875,1,97,0,8,19,1,3,0,0,16,2,23,7,0,10,9,93,4,0,0,15,275,1,1,0,0,15,5,23,11,0,118,14,1,47,5,51,0
09-Aug-20,2020-08-09,Deceased,1013,0,97,0,5,10,1,6,0,0,13,3,25,9,1,13,17,107,2,0,0,19,390,0,0,0,1,14,7,24,11,0,119,12,4,41,8,54,0
10-Aug-20,2020-08-10,Deceased,887,0,80,0,6,21,0,3,0,0,20,5,20,6,2,6,12,114,7,0,0,19,293,0,0,0,0,16,2,18,11,0,114,10,1,51,9,41,0
11-Aug-20,2020-08-11,Deceased,835,1,87,0,4,15,1,5,0,0,8,6,23,11,1,12,5,86,5,0,0,18,256,1,0,0,-1,12,2,32,11,0,118,8,1,56,2,49,0
12-Aug-20,2020-08-12,Deceased,950,0,93,0,6,9,1,5,0,0,14,3,18,3,0,8,8,113,6,0,0,15,344,0,0,0,0,9,5,39,11,0,119,9,0,54,4,54,0
13-Aug-20,2020-08-13,Deceased,1006,1,82,1,8,10,1,8,0,0,14,2,18,8,1,11,7,103,3,0,0,17,413,1,0,0,0,9,6,31,11,0,119,11,1,50,3,56,0
14-Aug-20,2020-08-14,Deceased,989,2,97,1,6,16,0,13,0,0,11,2,15,7,0,11,15,104,10,0,0,16,364,0,0,0,0,10,4,25,13,0,117,9,2,55,4,60,0
15-Aug-20,2020-08-15,Deceased,952,0,87,0,7,15,0,4,0,0,10,5,19,10,0,7,5,114,7,1,0,13,322,0,0,0,0,9,0,40,16,0,127,10,4,58,4,58,0
16-Aug-20,2020-08-16,Deceased,952,4,88,0,7,22,1,8,0,0,8,6,20,10,0,15,15,116,10,4,0,11,288,3,0,0,0,10,4,41,14,0,125,9,5,56,1,51,0
17-Aug-20,2020-08-17,Deceased,880,1,82,0,8,5,1,8,0,0,18,7,15,12,0,6,11,115,13,0,0,23,228,1,0,0,0,10,4,50,11,0,120,10,4,66,6,45,0
18-Aug-20,2020-08-18,Deceased,1099,1,88,0,6,16,0,8,0,0,12,5,20,7,0,13,10,139,6,3,0,13,422,1,0,0,0,9,9,36,11,1,121,8,3,70,6,55,0
19-Aug-20,2020-08-19,Deceased,979,0,86,0,10,10,1,6,0,0,9,8,17,10,2,11,13,126,7,1,0,18,346,0,0,0,0,10,6,22,12,1,116,8,3,53,14,53,0
20-Aug-20,2020-08-20,Deceased,981,1,95,0,8,6,0,8,0,0,22,2,16,11,2,6,8,102,9,0,0,12,326,0,0,0,0,8,8,37,11,0,116,10,0,95,9,53,0
21-Aug-20,2020-08-21,Deceased,953,1,91,0,6,14,2,8,0,0,13,9,14,7,2,15,11,93,12,1,0,14,339,2,0,0,0,10,6,34,12,0,101,8,4,64,5,55,0
22-Aug-20,2020-08-22,Deceased,918,0,97,0,7,13,0,10,0,0,14,5,14,12,4,15,13,93,15,2,0,21,297,2,1,0,1,9,8,45,11,0,80,7,1,70,3,48,0
23-Aug-20,2020-08-23,Deceased,846,1,93,0,8,9,4,7,0,0,16,4,14,6,0,9,8,68,5,2,0,23,258,0,1,0,0,10,8,50,11,0,97,11,2,59,5,57,0
24-Aug-20,2020-08-24,Deceased,854,2,86,0,10,17,0,9,0,0,13,4,13,10,0,7,17,127,11,0,0,17,212,0,0,0,0,10,5,43,12,0,97,6,1,61,7,57,0
25-Aug-20,2020-08-25,Deceased,1066,2,92,0,8,17,3,15,0,0,17,9,20,10,1,14,12,148,10,1,0,19,329,2,0,0,0,9,8,49,13,0,107,9,6,72,6,58,0
26-Aug-20,2020-08-26,Deceased,1017,4,81,0,14,9,1,10,0,0,17,8,17,11,2,19,15,133,13,1,0,17,295,1,0,0,0,13,8,41,12,0,118,10,4,82,6,55,0
27-Aug-20,2020-08-27,Deceased,1066,1,92,0,4,9,2,14,0,0,22,6,17,12,1,14,15,141,10,2,0,24,355,0,1,0,0,7,10,37,13,0,109,8,2,76,9,53,0
28-Aug-20,2020-08-28,Deceased,1019,0,81,2,8,12,2,6,0,0,20,4,14,15,0,7,12,136,7,1,0,17,331,2,1,0,0,8,9,51,12,0,102,11,4,77,11,56,0
29-Aug-20,2020-08-29,Deceased,943,2,82,0,3,5,0,11,0,0,15,3,13,9,1,7,9,115,6,4,0,22,328,1,0,0,0,14,12,41,13,0,87,9,5,62,11,53,0
30-Aug-20,2020-08-30,Deceased,960,1,88,0,7,9,7,7,0,0,22,5,17,12,1,9,12,106,7,2,0,29,296,0,0,0,0,12,10,56,13,0,94,10,4,67,7,50,0
31-Aug-20,2020-08-31,Deceased,816,1,85,0,10,6,4,8,0,0,18,9,14,7,3,9,7,113,7,0,0,20,184,0,0,0,0,10,7,49,13,0,91,9,5,63,12,52,0
01-Sep-20,2020-09-01,Deceased,1027,0,84,0,9,15,1,10,0,0,18,2,14,17,4,14,11,135,4,1,0,32,320,1,2,0,0,11,12,59,13,1,96,9,10,56,11,55,0
02-Sep-20,2020-09-02,Deceased,1026,1,72,0,8,13,2,12,0,0,19,10,12,15,1,15,10,113,7,0,0,27,292,0,1,0,0,11,13,106,12,0,98,10,5,74,11,56,0
03-Sep-20,2020-09-03,Deceased,1083,1,75,1,7,6,4,16,0,0,19,8,16,19,5,11,6,104,10,0,0,30,391,3,0,0,0,8,7,72,14,1,92,10,8,75,9,55,0
04-Sep-20,2020-09-04,Deceased,1066,1,76,0,15,13,5,22,0,0,13,8,14,19,2,12,3,116,11,0,0,30,378,3,1,0,0,9,20,49,13,0,79,10,3,71,12,58,0
05-Sep-20,2020-09-05,Deceased,1044,1,71,0,7,9,1,19,0,0,25,9,16,22,4,15,15,128,11,0,0,30,312,1,1,0,0,7,18,69,14,0,64,11,7,81,18,58,0
06-Sep-20,2020-09-06,Deceased,1005,0,70,0,8,4,2,24,0,0,29,7,14,25,1,14,7,95,10,0,0,29,328,2,1,0,0,8,16,54,15,0,85,9,8,77,11,52,0
07-Sep-20,2020-09-07,Deceased,1129,0,70,0,10,7,3,15,0,0,32,9,15,23,1,17,13,141,12,0,0,17,423,0,1,0,0,10,11,61,14,0,89,9,5,56,7,58,0
08-Sep-20,2020-09-08,Deceased,1107,0,73,1,8,4,1,12,0,0,19,11,13,25,4,14,14,146,13,0,0,20,380,1,0,0,0,13,12,67,13,2,87,11,3,71,12,57,0
09-Sep-20,2020-09-09,Deceased,1168,1,74,0,18,10,2,70,0,0,20,6,16,28,3,17,16,128,12,0,0,31,380,1,2,0,0,11,10,71,14,0,78,10,9,65,12,53,0
10-Sep-20,2020-09-10,Deceased,1213,0,68,0,18,10,3,16,0,0,28,6,15,25,3,13,5,129,12,1,0,21,495,4,1,0,0,11,6,88,14,0,64,11,6,94,5,41,0
11-Sep-20,2020-09-11,Deceased,1202,0,77,1,16,12,3,25,0,0,21,8,16,25,5,9,15,130,14,2,0,30,442,0,4,0,0,14,12,63,15,4,77,13,5,76,11,57,0
12-Sep-20,2020-09-12,Deceased,1111,0,67,0,23,11,6,21,0,0,28,10,15,24,2,10,10,94,15,1,0,37,391,1,1,0,0,11,5,76,14,2,76,10,10,67,14,59,0
13-Sep-20,2020-09-13,Deceased,1140,0,66,0,16,14,1,16,0,0,29,4,15,19,4,14,13,104,14,1,0,34,416,1,1,0,0,10,15,68,15,3,74,11,12,80,12,58,0
14-Sep-20,2020-09-14,Deceased,1054,1,60,1,13,9,5,18,0,0,26,14,17,25,5,17,6,119,15,1,0,29,363,0,2,0,0,11,9,67,14,0,53,13,6,62,15,58,0
15-Sep-20,2020-09-15,Deceased,1281,0,69,2,10,5,1,15,0,0,36,11,17,26,8,19,10,97,11,3,0,29,515,1,1,0,2,8,11,91,14,3,68,10,7,113,9,59,0
16-Sep-20,2020-09-16,Deceased,1140,0,64,0,19,12,5,23,0,0,33,4,12,19,1,18,8,55,14,2,0,24,474,1,0,0,0,11,13,78,15,0,57,12,10,86,9,61,0
17-Sep-20,2020-09-17,Deceased,1175,0,72,0,17,7,5,17,0,0,38,8,14,24,7,19,11,93,10,1,0,33,468,3,3,0,0,13,13,54,14,4,59,9,5,81,13,60,0
18-Sep-20,2020-09-18,Deceased,1221,0,67,0,12,4,4,17,0,0,30,8,16,23,12,15,12,179,12,1,0,24,440,1,2,0,0,13,6,60,15,3,67,11,6,98,4,59,0
19-Sep-20,2020-09-19,Deceased,1149,0,58,0,8,2,6,19,0,0,38,7,16,28,5,21,13,114,18,1,0,42,425,3,2,0,0,9,11,51,14,2,66,9,7,84,14,56,0
20-Sep-20,2020-09-20,Deceased,1135,0,57,0,14,3,4,13,0,0,37,9,17,29,4,14,2,101,16,0,0,27,455,2,0,0,0,10,10,56,14,1,60,8,4,94,13,61,0
21-Sep-20,2020-09-21,Deceased,1056,0,51,0,16,6,3,13,0,0,32,9,17,28,7,23,9,122,18,1,0,37,344,2,2,0,0,9,9,47,16,0,60,9,6,88,10,62,0
22-Sep-20,2020-09-22,Deceased,1085,0,51,1,8,3,4,28,0,0,37,8,16,29,5,18,15,83,19,0,0,28,392,1,2,0,0,11,6,66,15,0,76,10,3,77,11,62,0
23-Sep-20,2020-09-23,Deceased,1123,0,45,0,11,1,10,10,0,0,36,8,15,27,5,20,7,38,20,1,0,42,479,2,2,0,1,15,8,64,15,1,63,10,2,87,17,61,0
24-Sep-20,2020-09-24,Deceased,1144,0,52,0,11,4,7,24,0,0,36,7,14,22,10,22,4,65,21,3,0,45,459,0,1,0,0,16,6,76,15,1,66,8,7,67,13,62,0
25-Sep-20,2020-09-25,Deceased,1093,0,48,0,17,3,1,25,0,0,24,3,12,18,7,21,9,86,22,2,0,30,416,1,0,0,0,15,7,68,15,0,72,10,5,84,13,59,0
26-Sep-20,2020-09-26,Deceased,1124,0,57,0,13,5,0,40,0,0,46,5,13,18,7,20,9,86,21,1,0,29,430,1,0,0,0,16,6,54,14,0,85,11,3,67,11,56,0
27-Sep-20,2020-09-27,Deceased,1040,1,45,0,17,2,2,31,0,0,42,10,10,16,11,7,9,79,21,1,0,26,380,0,0,0,0,14,13,50,15,2,80,9,2,77,8,60,0
28-Sep-20,2020-09-28,Deceased,775,0,37,1,12,4,6,29,0,0,37,6,12,24,5,14,9,59,20,0,0,35,180,0,3,0,1,16,2,46,15,2,70,7,3,58,6,56,0
29-Sep-20,2020-09-29,Deceased,1178,0,35,1,13,2,5,39,0,0,48,12,11,25,3,18,12,136,22,0,0,39,430,1,1,0,0,15,2,75,15,0,70,9,3,63,11,62,0
30-Sep-20,2020-09-30,Deceased,1179,0,48,0,17,10,4,41,0,0,41,9,11,26,3,17,13,87,23,0,0,35,481,2,2,0,0,14,4,47,15,2,67,11,1,69,20,59,0
01-Oct-20,2020-10-01,Deceased,1099,0,41,0,14,2,2,29,0,0,40,12,10,20,9,17,8,130,29,3,0,20,394,1,2,0,0,17,4,45,14,3,66,8,6,80,14,59,0
02-Oct-20,2020-10-02,Deceased,1068,0,31,2,10,4,5,16,0,0,37,2,15,23,7,14,8,125,20,0,0,36,424,1,1,0,0,16,7,50,16,1,67,10,3,53,11,53,0
03-Oct-20,2020-10-03,Deceased,937,0,41,0,14,2,3,29,0,0,34,8,12,25,8,19,5,100,22,0,0,27,278,2,2,0,0,17,2,61,14,2,65,8,3,60,12,62,0
04-Oct-20,2020-10-04,Deceased,903,0,40,0,14,3,2,14,0,0,38,6,9,20,7,11,9,67,23,0,0,35,326,3,0,0,0,15,5,41,15,2,66,10,4,52,4,62,0
05-Oct-20,2020-10-05,Deceased,886,1,38,1,11,9,3,36,0,0,32,4,13,21,7,10,4,84,23,0,0,29,263,1,5,0,0,17,4,38,14,1,62,8,6,63,17,61,0
06-Oct-20,2020-10-06,Deceased,990,0,33,1,18,1,3,23,0,0,39,8,10,18,5,16,10,91,25,0,0,25,370,3,1,0,0,16,3,38,15,3,71,10,2,61,8,63,0
07-Oct-20,2020-10-07,Deceased,963,0,34,1,7,2,2,30,0,0,35,9,9,19,2,14,10,113,22,2,0,30,355,2,0,0,0,18,5,33,16,2,67,8,0,47,11,58,0
08-Oct-20,2020-10-08,Deceased,967,1,42,1,9,2,4,24,0,0,37,7,10,20,7,9,8,101,24,0,0,29,358,3,0,0,0,16,5,29,15,1,68,12,3,45,14,63,0
09-Oct-20,2020-10-09,Deceased,929,0,31,1,8,5,2,38,0,0,39,7,9,14,7,15,6,114,25,0,0,27,302,3,1,0,0,17,2,32,16,2,68,7,7,48,14,62,0
10-Oct-20,2020-10-10,Deceased,921,0,35,0,9,10,2,39,0,0,48,8,10,10,3,7,3,102,23,1,0,25,308,2,1,0,0,15,1,25,15,1,67,9,2,60,18,62,0
11-Oct-20,2020-10-11,Deceased,813,0,30,1,5,2,1,18,0,0,29,8,9,7,2,9,3,75,25,0,0,25,305,3,1,0,0,16,4,35,14,1,65,5,2,41,13,59,0
12-Oct-20,2020-10-12,Deceased,710,0,32,0,10,9,1,33,0,0,40,4,8,13,1,11,11,70,22,0,0,21,169,2,1,0,1,18,2,27,15,1,62,6,1,44,15,60,0
13-Oct-20,2020-10-13,Deceased,727,0,35,4,4,6,5,20,0,0,45,3,10,9,3,7,7,87,21,0,0,26,187,4,1,0,1,17,2,34,14,2,57,5,1,28,20,62,0
14-Oct-20,2020-10-14,Deceased,690,0,28,1,4,6,2,33,0,0,44,5,11,13,1,12,6,75,20,0,0,15,158,6,5,0,3,15,1,31,15,0,52,8,1,41,14,64,0
15-Oct-20,2020-10-15,Deceased,882,0,38,1,9,5,2,46,0,0,26,6,11,9,5,6,8,85,23,1,0,24,337,1,3,0,0,17,2,29,14,0,49,8,1,36,18,62,0
16-Oct-20,2020-10-16,Deceased,840,1,25,0,10,9,5,40,0,0,22,6,11,11,2,8,5,73,24,0,0,25,306,5,2,0,0,15,1,26,15,0,60,7,4,46,15,61,0
17-Oct-20,2020-10-17,Deceased,1032,0,24,0,12,9,1,14,0,0,35,7,9,6,3,6,8,71,26,1,0,18,463,2,0,0,4,17,3,19,12,0,54,9,3,40,95,61,0
18-Oct-20,2020-10-18,Deceased,582,0,23,0,3,6,1,39,0,0,28,6,9,0,3,7,7,51,22,0,0,20,150,5,0,0,0,14,0,13,13,1,56,6,3,29,3,64,0
19-Oct-20,2020-10-19,Deceased,589,0,24,0,7,7,0,56,0,0,31,5,8,8,4,9,3,64,21,0,0,13,125,1,0,0,0,17,1,17,12,2,52,4,2,27,6,63,0
20-Oct-20,2020-10-20,Deceased,714,0,28,1,9,8,1,50,0,0,41,6,8,12,2,9,7,66,24,1,0,25,213,4,1,0,0,16,2,8,14,1,47,7,0,29,13,61,0
21-Oct-20,2020-10-21,Deceased,701,0,27,0,5,8,0,44,0,0,47,2,9,14,5,5,2,88,26,1,0,17,180,3,1,0,0,13,3,23,14,0,39,5,1,41,14,64,0
22-Oct-20,2020-10-22,Deceased,686,1,16,1,7,7,3,52,0,0,35,7,7,14,5,10,8,74,23,0,0,14,198,3,1,0,0,15,2,12,12,0,45,5,2,35,8,64,0
23-Oct-20,2020-10-23,Deceased,655,1,20,1,4,8,2,58,0,0,26,4,6,17,1,12,3,51,26,0,0,13,184,5,1,0,0,18,2,23,14,0,33,6,5,40,11,60,0
24-Oct-20,2020-10-24,Deceased,578,0,22,0,2,8,2,55,0,0,36,2,6,15,5,6,2,52,25,3,0,20,137,6,1,0,3,15,2,12,12,0,35,5,1,24,5,59,0
25-Oct-20,2020-10-25,Deceased,483,0,21,0,4,7,2,25,0,0,33,6,7,7,1,8,2,32,26,0,0,10,112,1,1,0,1,16,2,10,13,1,31,4,3,28,9,60,0
26-Oct-20,2020-10-26,Deceased,485,0,19,2,2,9,4,43,0,0,54,6,4,10,2,6,6,42,20,0,0,5,84,5,0,0,2,14,0,8,14,1,32,4,0,20,8,59,0
27-Oct-20,2020-10-27,Deceased,511,0,19,1,6,7,1,20,0,0,44,3,5,13,5,7,4,44,24,2,0,8,115,6,1,0,0,13,0,13,14,2,27,4,1,38,6,58,0
28-Oct-20,2020-10-28,Deceased,515,0,18,0,3,4,1,55,0,0,40,7,6,8,2,4,4,55,27,1,0,15,91,6,3,1,1,12,2,20,10,0,35,4,0,18,2,60,0
29-Oct-20,2020-10-29,Deceased,562,1,16,1,6,7,1,53,0,0,27,5,4,8,6,11,3,45,26,0,0,16,156,4,2,0,1,13,2,10,11,0,35,5,1,25,0,61,0
30-Oct-20,2020-10-30,Deceased,550,0,17,0,3,8,0,49,0,0,47,5,6,11,5,5,0,49,28,0,0,12,127,4,0,0,4,11,0,19,10,0,38,6,1,24,2,59,0
31-Oct-20,2020-10-31,Deceased,469,0,14,0,4,6,1,63,0,0,41,2,5,12,6,7,1,28,27,1,0,10,74,4,1,0,0,12,0,16,9,1,31,6,0,18,12,57,0
01-Nov-20,2020-11-01,Deceased,491,1,16,0,1,7,0,49,0,0,51,5,5,6,8,4,1,24,28,0,0,7,113,3,2,0,0,11,3,11,10,1,30,5,0,26,4,59,0
02-Nov-20,2020-11-02,Deceased,498,0,13,1,1,4,1,58,0,0,42,7,4,15,10,8,1,29,21,1,0,7,104,9,0,0,3,9,0,13,9,4,31,7,2,25,2,57,0
03-Nov-20,2020-11-03,Deceased,510,0,15,4,2,7,1,58,0,0,48,2,6,7,8,12,5,26,26,0,0,9,120,4,0,0,0,12,1,18,10,0,31,3,2,13,4,56,0
04-Nov-20,2020-11-04,Deceased,707,0,10,1,0,5,1,50,0,0,51,8,6,19,11,9,3,34,28,3,0,13,300,3,0,0,2,12,1,14,9,0,30,6,3,15,5,55,0
05-Nov-20,2020-11-05,Deceased,672,0,13,0,0,8,0,44,0,0,66,4,7,23,6,6,0,31,26,0,0,5,256,2,1,1,1,14,1,22,10,2,28,5,0,27,9,54,0
06-Nov-20,2020-11-06,Deceased,577,0,11,0,4,8,1,52,0,0,64,3,4,21,4,6,1,35,27,1,0,12,161,2,0,0,0,15,0,14,11,0,27,4,1,24,9,55,0
07-Nov-20,2020-11-07,Deceased,557,0,11,2,2,7,2,22,0,0,79,8,5,17,6,5,2,22,28,0,0,13,150,3,2,0,0,17,2,15,13,1,25,6,2,25,7,58,0
08-Nov-20,2020-11-08,Deceased,491,0,12,1,4,8,2,13,0,0,77,2,7,15,6,5,0,22,24,4,0,11,125,3,0,0,1,15,1,8,10,2,20,5,1,26,2,59,0
09-Nov-20,2020-11-09,Deceased,450,0,11,0,4,7,3,17,0,0,71,4,5,7,7,9,8,19,22,1,0,6,85,1,1,0,0,16,1,20,9,1,18,4,2,25,10,56,0
10-Nov-20,2020-11-10,Deceased,511,0,12,0,5,5,4,18,0,0,83,4,5,16,12,7,5,20,28,0,0,8,110,2,0,0,4,13,2,20,10,1,25,4,0,30,5,53,0
11-Nov-20,2020-11-11,Deceased,550,0,14,0,2,6,2,25,0,0,85,5,6,23,9,9,3,23,29,1,0,13,125,2,0,0,0,15,1,31,11,2,28,5,0,20,6,49,0
12-Nov-20,2020-11-12,Deceased,544,1,9,1,3,5,1,20,0,0,104,0,6,21,6,8,4,21,25,3,0,10,122,5,4,0,0,14,2,23,13,3,25,3,0,21,7,54,0
13-Nov-20,2020-11-13,Deceased,517,0,10,0,1,7,2,18,0,0,91,2,6,27,11,8,4,17,26,0,0,11,127,6,0,0,2,12,1,16,12,1,14,4,1,25,4,51,0
14-Nov-20,2020-11-14,Deceased,450,0,7,1,3,5,0,17,0,0,96,1,6,5,8,6,1,17,26,0,0,7,105,5,2,1,0,15,0,0,12,1,12,4,2,27,5,53,0
15-Nov-20,2020-11-15,Deceased,434,0,14,0,2,5,2,16,0,0,95,3,6,8,11,9,2,21,21,0,0,7,60,3,0,1,0,17,0,30,10,2,12,3,0,18,5,51,0
16-Nov-20,2020-11-16,Deceased,451,0,13,0,1,5,2,26,0,0,99,1,5,19,8,8,4,12,19,4,0,2,60,3,1,1,1,16,0,22,12,2,17,3,2,21,9,53,0
17-Nov-20,2020-11-17,Deceased,472,0,9,0,2,5,2,19,0,0,99,4,7,25,12,7,3,16,27,1,0,10,68,1,1,0,0,17,0,30,11,1,18,3,0,19,3,52,0
18-Nov-20,2020-11-18,Deceased,586,0,9,0,3,7,1,23,0,0,131,3,8,30,13,9,3,21,28,0,0,13,100,6,1,0,1,15,0,31,12,3,18,5,0,29,9,54,0
19-Nov-20,2020-11-19,Deceased,582,0,11,1,0,8,1,26,0,0,98,0,7,20,12,5,3,26,26,1,0,14,154,0,1,0,0,17,1,15,15,0,19,4,0,39,5,53,0
20-Nov-20,2020-11-20,Deceased,564,0,10,0,2,3,1,19,0,0,118,2,7,25,11,4,2,17,28,1,0,9,155,1,2,0,2,16,0,16,14,1,18,4,1,20,5,50,0
21-Nov-20,2020-11-21,Deceased,499,0,7,0,2,4,3,22,0,0,111,3,9,25,18,2,6,20,25,2,0,11,62,1,2,0,1,17,0,23,16,0,18,3,1,24,8,53,0
22-Nov-20,2020-11-22,Deceased,510,0,11,0,1,5,2,19,0,0,121,2,13,25,19,5,5,13,27,2,0,13,50,3,2,0,2,15,0,19,17,3,19,4,0,35,9,49,0
23-Nov-20,2020-11-23,Deceased,481,0,10,0,1,6,3,14,0,0,121,0,17,28,22,12,3,24,22,1,0,10,30,2,0,0,2,17,0,17,18,1,17,3,3,23,7,47,0
24-Nov-20,2020-11-24,Deceased,489,0,8,0,1,6,2,21,0,0,109,2,16,33,12,10,2,17,24,4,0,11,30,2,0,0,0,14,0,22,19,2,17,4,1,33,18,49,0
25-Nov-20,2020-11-25,Deceased,518,0,6,0,2,4,1,16,0,0,99,4,14,42,13,12,3,19,26,3,0,14,65,5,0,0,0,16,0,31,18,0,16,4,0,29,5,51,0
26-Nov-20,2020-11-26,Deceased,491,0,8,0,0,6,4,18,0,0,91,2,16,25,14,5,3,12,27,5,0,12,65,4,0,0,2,17,0,26,19,0,14,3,0,30,11,52,0
27-Nov-20,2020-11-27,Deceased,486,0,6,1,2,5,0,12,0,0,98,1,16,29,13,8,1,12,23,1,0,15,85,7,0,0,1,14,0,27,18,1,12,4,0,23,5,46,0
28-Nov-20,2020-11-28,Deceased,495,0,5,1,0,5,4,17,0,0,89,0,15,30,11,4,1,12,25,2,0,13,88,7,1,0,0,12,0,28,19,4,13,3,0,21,13,52,0
29-Nov-20,2020-11-29,Deceased,444,0,7,3,1,6,2,10,0,0,68,1,16,26,12,5,0,15,27,0,0,13,85,10,0,0,0,4,0,15,18,1,9,4,0,24,8,54,0
30-Nov-20,2020-11-30,Deceased,482,0,4,0,0,5,1,21,0,0,108,1,20,27,10,9,1,13,21,1,0,10,80,8,0,0,0,5,1,27,20,1,9,3,0,19,9,48,0
01-Dec-20,2020-12-01,Deceased,501,0,4,0,0,4,1,31,0,0,86,2,15,28,21,8,5,14,26,2,0,10,95,8,1,1,0,5,1,14,19,1,10,3,0,27,7,52,0
02-Dec-20,2020-12-02,Deceased,526,0,7,0,2,6,3,27,0,0,82,3,14,32,11,6,2,16,28,0,0,17,111,2,2,0,0,6,1,21,19,1,11,1,2,29,13,51,0
03-Dec-20,2020-12-03,Deceased,541,0,11,0,2,7,3,22,0,0,82,3,13,32,18,10,6,13,31,0,0,13,115,3,2,0,0,5,1,20,20,0,14,3,0,31,12,49,0
04-Dec-20,2020-12-04,Deceased,511,0,6,1,2,6,3,15,0,0,73,0,18,19,13,12,1,13,29,1,0,14,127,1,2,0,1,5,1,20,19,1,15,2,0,29,10,52,0
05-Dec-20,2020-12-05,Deceased,482,0,4,0,2,5,2,21,0,0,77,1,15,25,13,12,1,12,32,0,0,12,95,4,0,0,0,5,0,23,20,3,15,3,0,23,8,49,0
06-Dec-20,2020-12-06,Deceased,390,0,9,0,4,3,2,12,0,0,69,1,17,24,11,4,7,10,28,0,0,11,40,7,2,0,1,6,0,10,20,0,16,2,0,24,4,46,0
07-Dec-20,2020-12-07,Deceased,386,0,5,0,2,2,2,21,0,0,63,3,14,23,7,9,2,11,23,1,0,10,40,3,0,0,0,7,1,19,19,2,16,2,1,20,10,48,0
08-Dec-20,2020-12-08,Deceased,402,0,4,0,2,3,3,15,0,0,57,0,15,13,14,6,0,13,31,1,0,11,53,2,2,0,1,6,0,30,20,0,13,3,0,23,12,49,0
09-Dec-20,2020-12-09,Deceased,413,0,3,0,1,3,1,13,0,0,50,2,13,26,12,6,3,20,35,0,0,8,75,7,0,0,0,5,0,16,17,0,14,3,0,20,13,47,0
10-Dec-20,2020-12-10,Deceased,411,0,2,0,1,4,1,16,0,0,61,0,12,26,8,8,2,12,26,0,0,7,70,0,1,0,1,5,2,27,15,0,17,2,0,24,12,49,0
11-Dec-20,2020-12-11,Deceased,442,0,2,0,1,5,1,14,0,0,60,0,13,23,20,11,2,16,29,1,0,9,87,2,1,1,0,4,2,29,14,1,17,3,1,14,9,50,0
12-Dec-20,2020-12-12,Deceased,391,0,3,0,0,5,1,16,0,0,47,2,12,11,10,7,0,11,32,0,0,9,80,2,1,0,0,4,0,21,14,0,13,4,1,31,10,44,0
13-Dec-20,2020-12-13,Deceased,338,0,5,0,2,4,1,13,0,0,33,1,11,7,8,6,4,5,29,0,0,13,70,0,3,0,0,5,0,20,14,0,12,4,1,16,4,47,0
14-Dec-20,2020-12-14,Deceased,354,0,2,0,1,4,1,19,0,0,60,1,11,16,12,3,1,10,24,0,0,8,60,2,2,0,1,4,1,21,13,0,14,3,0,11,6,43,0
15-Dec-20,2020-12-15,Deceased,384,0,5,0,1,4,2,19,0,0,41,3,11,18,11,10,1,11,33,0,0,13,70,3,1,0,0,4,1,19,13,1,10,3,0,20,11,45,0
16-Dec-20,2020-12-16,Deceased,356,0,3,0,3,3,0,10,0,0,32,3,10,14,12,5,3,6,27,0,0,8,95,2,2,0,1,5,1,18,10,2,12,3,2,15,3,46,0
17-Dec-20,2020-12-17,Deceased,342,0,2,0,3,5,0,11,0,0,35,3,8,17,10,9,3,10,27,0,0,9,65,3,0,0,3,5,0,15,11,1,11,3,0,20,9,44,0
18-Dec-20,2020-12-18,Deceased,342,0,1,0,1,4,1,7,0,0,37,2,9,21,9,7,1,8,23,1,0,11,75,2,0,0,0,4,1,20,10,1,12,1,0,16,15,42,0
19-Dec-20,2020-12-19,Deceased,342,0,4,0,1,6,1,9,0,0,32,0,7,13,3,4,2,15,29,0,0,15,74,2,0,0,0,3,1,19,9,0,14,4,0,23,9,43,0
20-Dec-20,2020-12-20,Deceased,332,0,2,0,5,5,2,9,0,0,26,3,7,5,6,4,0,5,30,0,0,13,98,1,1,0,0,4,2,12,9,1,15,3,0,19,5,40,0
21-Dec-20,2020-12-21,Deceased,302,1,2,1,3,6,2,18,0,0,27,2,7,11,9,3,1,7,27,1,0,9,55,0,0,0,0,3,1,11,9,0,12,2,2,16,13,41,0
22-Dec-20,2020-12-22,Deceased,329,0,4,0,4,4,2,13,0,0,25,2,7,10,4,6,3,13,27,0,0,12,75,0,0,0,3,4,2,18,8,0,17,3,0,12,13,38,0
23-Dec-20,2020-12-23,Deceased,315,0,3,0,5,5,1,15,0,0,18,2,6,5,5,3,0,9,22,0,0,12,93,1,1,1,1,3,0,13,8,1,12,4,3,21,8,34,0
24-Dec-20,2020-12-24,Deceased,337,0,4,0,4,4,1,22,0,0,37,1,8,7,5,7,2,1,22,1,0,10,89,3,0,0,0,4,0,17,8,0,12,2,1,22,11,32,0
25-Dec-20,2020-12-25,Deceased,251,0,2,0,0,2,0,14,0,0,30,0,6,4,3,1,0,5,16,0,0,12,71,3,0,0,0,3,0,9,7,0,12,3,0,12,5,31,0
26-Dec-20,2020-12-26,Deceased,280,0,1,0,2,6,1,12,0,0,23,3,7,7,11,6,2,7,21,0,0,9,60,0,3,0,1,4,1,12,7,0,11,2,1,14,13,33,0
27-Dec-20,2020-12-27,Deceased,281,0,2,0,2,4,0,18,0,0,16,0,7,9,6,2,1,11,25,0,0,18,66,4,0,0,0,4,1,18,6,0,10,2,0,13,7,29,0
28-Dec-20,2020-12-28,Deceased,250,0,4,0,1,3,1,26,0,0,21,3,6,8,2,6,1,8,14,0,0,9,50,0,0,0,1,3,0,13,7,1,11,2,0,16,6,27,0
29-Dec-20,2020-12-29,Deceased,285,0,2,0,2,3,0,17,0,0,28,1,7,10,4,4,5,4,24,1,0,10,68,5,0,0,0,4,2,10,6,0,12,2,0,18,6,30,0
30-Dec-20,2020-12-30,Deceased,299,0,4,0,3,4,0,14,0,0,21,2,7,7,6,1,2,7,28,0,0,13,90,1,1,0,0,3,0,9,6,1,17,3,0,12,9,28,0
31-Dec-20,2020-12-31,Deceased,244,0,4,0,2,4,1,21,0,0,13,2,4,6,3,3,3,9,30,0,0,11,58,1,0,0,0,2,0,10,7,0,13,3,0,0,5,29,0
01-Jan-21,2021-01-01,Deceased,237,0,0,0,4,3,1,4,0,0,21,0,3,6,2,1,0,6,23,0,0,12,59,1,0,0,0,3,0,8,4,1,13,3,0,27,6,26,0
02-Jan-21,2021-01-02,Deceased,216,0,3,0,2,3,1,11,0,0,14,0,5,4,2,1,4,3,21,0,0,9,51,1,0,0,0,4,0,15,5,1,11,2,0,8,7,28,0
03-Jan-21,2021-01-03,Deceased,215,0,4,0,1,2,1,14,0,0,14,2,4,2,6,1,1,8,25,0,0,14,35,1,0,0,0,3,0,12,5,0,10,3,0,16,5,26,0
04-Jan-21,2021-01-04,Deceased,200,0,3,0,2,3,1,12,0,0,12,2,3,6,2,5,1,3,19,0,0,7,29,3,0,0,0,2,2,24,4,0,10,2,0,10,8,25,0
05-Jan-21,2021-01-05,Deceased,265,0,4,0,3,7,1,25,0,0,12,1,4,4,4,6,2,8,24,0,0,14,64,2,2,0,0,2,0,4,5,0,11,3,0,20,9,24,0
06-Jan-21,2021-01-06,Deceased,222,0,3,0,0,5,1,10,0,0,16,0,4,7,2,3,2,6,25,0,0,8,66,0,0,0,1,0,0,8,4,0,11,2,2,9,5,22,0
07-Jan-21,2021-01-07,Deceased,233,0,1,0,2,4,2,7,0,0,19,0,3,6,1,3,1,7,25,0,0,12,72,1,0,0,2,1,1,10,4,0,12,3,0,10,6,18,0
08-Jan-21,2021-01-08,Deceased,229,0,1,0,0,4,1,15,0,0,10,0,3,3,2,4,2,3,23,0,0,9,73,0,2,0,1,2,0,15,0,0,8,2,1,17,7,21,0
09-Jan-21,2021-01-09,Deceased,213,0,1,0,1,2,1,15,0,0,12,2,5,6,3,2,2,4,22,0,0,10,57,1,0,0,1,1,0,2,4,0,7,2,0,24,6,20,0
10-Jan-21,2021-01-10,Deceased,150,0,1,0,1,4,0,6,0,0,12,1,4,1,1,1,2,2,23,0,0,10,34,0,0,1,0,0,2,6,3,0,7,2,0,2,5,19,0
11-Jan-21,2021-01-11,Deceased,166,0,2,0,3,5,0,15,0,0,13,2,3,6,2,1,1,4,20,0,0,7,40,0,0,0,0,1,0,2,2,0,6,1,0,9,5,16,0
12-Jan-21,2021-01-12,Deceased,200,0,2,0,0,4,1,12,0,0,16,0,3,8,0,1,0,5,25,1,0,8,50,0,0,0,0,2,1,9,3,0,8,2,0,10,11,18,0
13-Jan-21,2021-01-13,Deceased,201,0,1,0,1,2,1,10,0,0,11,1,4,2,2,0,0,3,26,0,0,6,70,0,1,0,2,1,0,7,3,0,6,3,1,15,4,18,0
14-Jan-21,2021-01-14,Deceased,189,0,4,0,0,2,1,10,0,0,4,2,3,6,0,3,0,3,19,0,0,8,70,0,0,0,0,1,1,10,2,1,4,1,0,14,3,17,0
15-Jan-21,2021-01-15,Deceased,176,0,1,0,1,2,0,7,0,0,10,1,3,7,0,5,1,3,23,0,0,6,45,0,0,0,2,2,0,12,0,0,5,2,1,15,6,16,0
16-Jan-21,2021-01-16,Deceased,181,0,0,0,4,4,0,7,0,0,6,3,3,4,1,1,1,4,27,0,0,5,52,1,0,0,0,1,2,14,2,0,6,1,1,12,4,15,0
17-Jan-21,2021-01-17,Deceased,145,0,1,0,3,4,0,7,0,0,8,0,2,2,2,0,0,4,21,0,0,2,50,0,0,0,0,1,0,5,1,0,7,2,0,6,5,12,0
18-Jan-21,2021-01-18,Deceased,137,0,1,0,2,3,0,7,0,0,8,0,2,4,1,1,4,9,17,0,0,3,35,0,0,0,0,1,1,5,3,0,8,2,0,4,6,10,0
19-Jan-21,2021-01-19,Deceased,162,0,1,0,0,1,0,10,0,0,10,0,2,4,0,1,3,6,26,1,0,7,50,1,0,0,0,1,0,7,2,1,9,2,0,4,2,11,0
20-Jan-21,2021-01-20,Deceased,152,0,0,0,2,3,0,10,0,0,10,0,2,4,0,0,0,4,18,0,0,7,59,0,0,0,0,0,0,4,2,0,9,2,0,7,3,6,0
21-Jan-21,2021-01-21,Deceased,161,0,0,0,0,4,1,8,0,0,8,1,1,3,3,1,1,2,21,0,0,6,52,0,2,0,0,1,0,15,2,0,9,1,0,6,4,9,0
22-Jan-21,2021-01-22,Deceased,153,0,4,0,0,4,1,8,0,0,7,1,2,5,0,4,2,3,19,0,0,4,50,2,0,0,0,0,0,8,0,0,8,2,0,8,3,8,0
23-Jan-21,2021-01-23,Deceased,156,0,1,0,0,4,1,8,0,0,10,3,1,4,1,1,1,3,23,0,0,6,56,0,0,0,0,1,1,10,2,1,2,2,0,4,0,10,0
24-Jan-21,2021-01-24,Deceased,131,0,0,0,1,3,1,8,0,0,9,0,1,1,2,0,2,4,20,0,0,3,45,0,0,0,0,1,1,2,0,1,7,1,0,8,2,8,0
25-Jan-21,2021-01-25,Deceased,116,0,2,0,0,4,0,13,0,0,5,1,3,4,0,0,1,3,17,0,0,2,30,0,0,0,0,1,0,5,2,0,4,1,0,7,4,7,0
26-Jan-21,2021-01-26,Deceased,138,0,1,0,1,3,0,14,0,0,7,1,2,0,0,1,0,4,19,0,0,2,47,0,0,0,0,0,0,11,0,0,5,2,0,8,1,9,0
27-Jan-21,2021-01-27,Deceased,123,0,2,0,2,4,0,3,0,0,9,0,1,0,1,1,2,3,20,0,0,6,32,1,0,0,0,0,1,10,1,0,8,1,0,4,3,8,0
28-Jan-21,2021-01-28,Deceased,162,0,0,0,0,2,0,35,0,0,6,2,2,0,0,1,3,2,19,0,0,3,50,0,0,0,0,0,1,9,2,0,6,1,0,6,3,9,0
29-Jan-21,2021-01-29,Deceased,137,0,0,0,0,3,0,7,0,0,6,1,1,1,0,1,1,2,22,0,0,3,56,1,0,0,0,0,0,11,2,0,6,2,0,4,0,7,0
30-Jan-21,2021-01-30,Deceased,128,0,1,0,1,4,0,9,0,0,8,0,2,2,2,3,1,2,18,1,0,2,42,0,0,0,0,0,0,8,1,0,5,2,0,4,1,9,0
31-Jan-21,2021-01-31,Deceased,116,0,0,0,0,2,0,3,0,0,4,2,0,1,3,0,1,4,21,0,0,3,40,0,0,0,0,0,1,6,0,0,6,1,0,8,1,9,0
01-Feb-21,2021-02-01,Deceased,94,0,1,0,1,2,0,5,0,0,3,0,1,4,0,0,1,3,17,0,0,2,27,0,0,0,0,0,3,1,0,0,7,2,0,4,4,6,0
02-Feb-21,2021-02-02,Deceased,113,0,2,0,0,4,1,5,0,0,2,0,1,1,1,2,2,3,16,0,0,3,30,0,1,0,0,0,0,12,2,2,4,1,0,6,3,9,0
03-Feb-21,2021-02-03,Deceased,107,0,1,0,0,3,1,7,0,0,6,0,2,1,1,3,2,2,20,0,0,1,30,1,0,0,0,0,1,0,2,0,4,2,0,6,4,7,0
04-Feb-21,2021-02-04,Deceased,120,0,0,0,1,2,1,6,0,0,7,2,1,2,1,2,0,2,17,0,0,2,46,0,0,0,0,1,0,7,0,0,4,2,0,6,4,4,0
05-Feb-21,2021-02-05,Deceased,95,0,1,0,0,2,1,8,0,0,2,0,1,1,0,1,0,3,19,0,0,1,40,0,0,0,0,1,2,-1,1,0,4,1,0,2,3,2,0
06-Feb-21,2021-02-06,Deceased,75,0,1,0,0,1,0,3,0,0,4,0,1,0,1,0,0,3,16,0,0,1,25,0,0,0,0,1,0,6,1,0,3,1,0,4,2,1,0
07-Feb-21,2021-02-07,Deceased,86,0,0,0,0,1,2,6,0,0,2,2,1,2,1,0,1,3,19,0,0,0,30,1,0,0,0,0,0,2,0,0,1,2,0,1,4,5,0
08-Feb-21,2021-02-08,Deceased,78,0,1,0,1,1,1,3,0,0,3,0,1,0,0,0,0,3,16,0,0,3,15,0,1,0,0,1,1,11,2,0,4,1,0,4,3,2,0
09-Feb-21,2021-02-09,Deceased,94,0,0,0,1,1,1,2,0,0,0,2,1,4,3,0,0,2,19,0,0,2,35,0,0,0,0,0,0,8,0,0,4,1,0,0,2,6,0
10-Feb-21,2021-02-10,Deceased,110,0,1,0,0,2,1,9,0,0,2,2,0,0,1,1,3,3,18,0,0,2,30,0,0,0,0,0,1,14,3,0,5,1,0,5,1,5,0
11-Feb-21,2021-02-11,Deceased,85,0,0,0,0,1,1,4,0,0,2,0,2,1,1,2,0,7,16,0,0,1,25,0,0,0,0,0,0,7,2,0,6,0,0,0,2,5,0
12-Feb-21,2021-02-12,Deceased,104,0,1,0,0,1,0,7,0,0,3,1,1,1,1,1,0,8,18,0,0,1,36,0,0,0,0,0,0,8,1,0,6,1,0,2,2,4,0
13-Feb-21,2021-02-13,Deceased,89,0,0,0,1,2,1,5,0,0,0,1,0,4,1,1,1,4,16,0,0,0,38,0,0,0,0,0,0,4,1,0,5,0,0,1,2,1,0
14-Feb-21,2021-02-14,Deceased,91,0,0,0,0,1,1,1,0,0,2,1,1,0,2,2,1,2,15,0,0,5,40,0,0,0,0,0,1,3,0,0,6,2,0,3,0,2,0
15-Feb-21,2021-02-15,Deceased,82,0,1,0,2,2,0,5,0,0,2,2,0,0,0,0,2,2,13,0,0,4,23,0,0,1,0,1,1,10,0,0,6,2,0,2,0,1,0
16-Feb-21,2021-02-16,Deceased,99,0,0,0,0,1,1,6,0,0,1,3,1,1,0,0,-1,6,18,0,0,3,39,0,0,0,2,1,0,5,0,0,7,1,0,0,2,2,0
17-Feb-21,2021-02-17,Deceased,100,0,2,0,1,1,1,5,0,0,0,2,1,1,0,0,0,3,16,0,0,1,40,0,0,0,0,0,2,10,1,0,6,1,0,3,1,2,0
18-Feb-21,2021-02-18,Deceased,100,0,1,0,1,2,0,2,0,0,2,0,0,1,0,3,0,6,14,0,0,2,38,0,0,0,1,1,0,10,1,0,6,2,0,4,1,2,0
19-Feb-21,2021-02-19,Deceased,100,0,1,0,0,1,0,3,0,0,1,1,1,0,0,0,0,5,15,0,0,2,44,0,0,0,0,1,2,8,1,0,7,1,0,1,2,3,0
20-Feb-21,2021-02-20,Deceased,89,0,0,0,0,2,1,2,0,0,1,0,0,0,0,0,0,5,13,0,0,4,40,0,0,0,0,0,0,8,1,0,6,0,0,2,0,4,0
21-Feb-21,2021-02-21,Deceased,83,0,0,0,0,1,0,5,0,0,2,0,1,0,1,0,1,2,15,0,0,4,35,0,0,0,0,0,1,6,0,0,3,1,0,1,1,3,0
22-Feb-21,2021-02-22,Deceased,76,0,0,0,0,1,1,6,0,0,1,0,1,0,0,0,1,5,16,0,0,0,18,0,0,0,0,0,0,15,0,0,6,1,0,0,2,2,0
23-Feb-21,2021-02-23,Deceased,103,0,1,0,0,1,0,3,0,0,2,1,0,0,0,1,0,4,14,0,0,1,51,0,0,0,0,0,2,10,0,0,6,0,0,3,1,2,0
24-Feb-21,2021-02-24,Deceased,141,0,0,0,0,1,1,4,0,0,2,1,1,1,0,0,1,6,17,0,0,2,80,0,0,0,0,0,1,7,0,0,6,4,0,3,0,3,0
25-Feb-21,2021-02-25,Deceased,119,0,0,0,0,1,0,8,0,0,0,2,1,0,0,0,0,7,14,0,1,2,56,0,0,0,0,1,1,13,0,0,5,1,0,2,0,4,0
26-Feb-21,2021-02-26,Deceased,114,0,1,0,1,1,0,7,0,0,1,3,0,1,0,1,0,4,14,0,0,3,48,0,0,0,0,0,0,15,1,0,5,2,0,2,1,3,0
27-Feb-21,2021-02-27,Deceased,111,0,0,0,0,1,0,4,0,0,3,0,1,3,0,0,1,6,18,0,0,1,51,0,0,0,0,0,1,11,1,0,5,1,0,-1,1,3,0
28-Feb-21,2021-02-28,Deceased,108,0,0,0,0,0,1,3,0,0,1,1,1,1,0,1,2,5,15,0,0,1,62,0,0,0,0,1,0,7,0,0,3,1,0,0,0,2,0
01-Mar-21,2021-03-01,Deceased,92,0,0,0,1,0,1,7,0,0,1,1,1,2,1,1,0,5,13,0,0,1,30,0,0,0,0,0,1,18,0,0,5,0,0,3,0,0,0
02-Mar-21,2021-03-02,Deceased,98,0,0,0,0,0,1,2,0,0,0,0,0,2,0,0,0,7,16,0,0,0,54,0,0,0,0,1,0,10,0,0,1,1,0,1,0,2,0
03-Mar-21,2021-03-03,Deceased,87,0,1,0,0,1,1,4,0,0,3,0,1,0,0,0,0,3,15,0,0,0,42,0,0,0,0,0,0,12,0,0,2,0,0,0,0,2,0
04-Mar-21,2021-03-04,Deceased,113,0,1,0,0,1,0,3,0,0,1,2,0,0,0,1,1,4,14,0,0,1,60,0,0,0,0,0,0,15,1,0,4,2,0,1,0,1,0
05-Mar-21,2021-03-05,Deceased,109,0,1,0,0,1,0,3,0,0,3,1,1,1,1,1,0,4,16,0,0,0,53,0,0,0,0,0,0,11,1,0,5,2,0,0,2,2,0
06-Mar-21,2021-03-06,Deceased,100,0,1,0,1,1,0,1,0,0,1,0,1,3,0,1,0,5,16,0,0,2,47,0,0,0,0,0,1,12,0,0,4,1,0,0,0,2,0
07-Mar-21,2021-03-07,Deceased,97,0,1,0,0,1,0,3,0,0,2,0,1,0,0,1,2,3,13,0,0,3,38,0,0,0,0,0,0,17,0,0,1,1,0,8,1,1,0
08-Mar-21,2021-03-08,Deceased,76,0,2,0,0,1,1,1,0,0,3,0,1,2,3,1,0,5,12,0,0,1,22,0,0,0,0,0,0,14,0,0,3,1,0,1,0,2,0
09-Mar-21,2021-03-09,Deceased,133,0,0,0,2,0,0,5,0,0,4,3,2,4,2,2,0,6,16,0,0,2,56,0,0,0,0,0,0,20,0,0,4,2,0,2,0,1,0
10-Mar-21,2021-03-10,Deceased,125,0,1,0,0,1,1,8,0,0,3,0,0,2,1,3,0,6,14,0,0,3,54,0,0,0,0,0,0,17,0,0,5,2,0,0,2,2,0
11-Mar-21,2021-03-11,Deceased,119,0,2,0,1,0,0,3,0,0,3,1,0,1,0,1,0,2,13,0,0,4,57,0,0,0,0,0,0,18,0,0,5,3,0,1,1,3,0
12-Mar-21,2021-03-12,Deceased,140,0,1,0,0,1,0,5,0,0,2,1,2,4,0,2,0,5,14,0,0,2,56,0,0,0,0,1,0,34,0,0,4,1,0,2,2,1,0
13-Mar-21,2021-03-13,Deceased,159,0,2,0,1,1,1,6,0,0,3,1,2,4,1,3,0,1,12,0,0,2,88,0,0,0,0,0,0,22,0,0,4,2,0,0,2,1,0
14-Mar-21,2021-03-14,Deceased,120,0,2,0,0,1,0,4,0,0,2,1,2,1,2,0,0,3,15,0,0,2,50,0,0,0,0,0,1,20,1,0,4,1,0,3,1,4,0
15-Mar-21,2021-03-15,Deceased,130,0,1,0,1,1,0,7,0,0,3,1,1,3,4,0,0,7,11,0,0,3,48,0,0,0,0,0,1,27,0,0,4,1,0,2,1,3,0
16-Mar-21,2021-03-16,Deceased,187,0,0,0,0,1,1,12,0,0,1,4,2,2,1,2,1,6,15,0,0,1,87,0,0,0,0,0,1,38,1,0,5,2,0,2,0,2,0
17-Mar-21,2021-03-17,Deceased,171,0,1,0,0,1,0,6,0,0,3,1,3,4,0,1,0,4,13,0,0,2,84,0,0,0,0,0,0,35,0,0,8,3,0,1,0,1,0
18-Mar-21,2021-03-18,Deceased,156,0,0,0,1,1,0,5,0,0,1,1,3,6,2,1,0,8,15,0,0,1,58,0,0,1,0,0,1,32,3,0,9,3,0,2,0,2,0
19-Mar-21,2021-03-19,Deceased,188,0,1,0,0,1,1,9,0,0,4,2,4,1,3,1,1,10,17,0,0,7,70,0,0,0,0,0,0,38,2,0,9,2,0,4,0,1,0
20-Mar-21,2021-03-20,Deceased,196,0,2,0,0,1,1,11,0,0,2,0,6,3,1,1,0,7,15,0,0,2,92,0,1,0,0,0,0,38,0,0,8,2,0,1,0,2,0
21-Mar-21,2021-03-21,Deceased,213,0,0,0,0,2,1,10,0,0,1,3,7,5,1,1,1,2,13,0,0,3,99,0,0,0,0,1,1,44,2,0,9,3,0,1,0,3,0
22-Mar-21,2021-03-22,Deceased,197,0,2,0,1,2,1,12,0,0,7,0,4,3,3,0,1,10,12,0,0,2,58,0,0,0,0,0,1,58,5,0,10,2,0,1,0,2,0
23-Mar-21,2021-03-23,Deceased,277,0,2,0,1,2,1,20,0,0,4,3,4,3,4,2,1,5,10,0,0,4,132,0,0,0,0,0,1,53,4,0,9,3,1,4,2,2,0
24-Mar-21,2021-03-24,Deceased,249,0,4,0,1,2,1,29,0,0,6,0,8,6,2,0,2,12,10,0,0,7,95,1,0,0,0,0,2,39,1,0,12,2,0,5,0,2,0
25-Mar-21,2021-03-25,Deceased,257,0,4,0,1,2,3,15,0,0,5,1,7,7,2,0,0,10,12,0,0,9,111,0,1,0,0,0,0,43,0,0,11,4,0,4,1,4,0
26-Mar-21,2021-03-26,Deceased,292,0,2,0,0,2,4,22,0,0,9,1,6,8,1,1,3,13,14,0,0,9,112,0,0,0,0,0,0,59,3,0,9,3,0,6,1,4,0
27-Mar-21,2021-03-27,Deceased,311,0,0,0,0,2,2,13,0,0,10,1,5,7,3,1,4,8,14,0,0,10,166,0,0,0,0,1,1,45,0,0,9,2,0,4,1,2,0
28-Mar-21,2021-03-28,Deceased,295,0,2,0,0,1,3,15,0,0,9,2,8,9,3,4,3,12,12,0,0,11,108,0,0,0,0,0,0,69,2,0,11,3,0,3,3,2,0
29-Mar-21,2021-03-29,Deceased,266,0,5,0,0,1,0,20,0,0,6,2,8,2,3,0,0,16,11,0,0,9,102,0,0,0,0,1,1,59,0,0,14,2,0,4,-1,1,0
30-Mar-21,2021-03-30,Deceased,355,0,3,0,0,1,2,35,0,0,4,1,10,4,6,1,3,21,16,0,0,10,139,0,0,0,0,0,1,64,0,0,16,4,0,10,2,2,0
31-Mar-21,2021-03-31,Deceased,458,0,4,0,1,2,0,39,0,0,11,1,9,8,3,4,0,26,15,0,0,9,227,0,0,0,0,0,0,55,5,0,19,3,0,11,4,2,0
01-Apr-21,2021-04-01,Deceased,468,0,3,0,2,2,1,34,0,0,9,1,9,9,4,4,1,18,11,0,0,12,249,0,0,0,0,0,1,58,4,0,19,4,0,9,2,2,0
02-Apr-21,2021-04-02,Deceased,713,0,5,0,0,2,1,43,0,0,14,1,11,10,4,5,1,6,14,0,0,16,481,0,0,0,0,0,1,57,2,0,12,5,0,16,2,4,0
03-Apr-21,2021-04-03,Deceased,514,0,9,0,0,2,1,36,0,0,10,2,13,10,4,2,7,19,12,0,0,15,277,0,0,0,0,0,0,49,3,0,14,6,0,14,4,5,0
04-Apr-21,2021-04-04,Deceased,477,0,5,0,2,1,1,36,0,0,21,1,14,7,10,3,8,15,10,0,0,11,222,0,0,0,0,1,0,51,2,0,14,5,0,31,2,4,0
05-Apr-21,2021-04-05,Deceased,446,0,5,0,0,3,1,44,0,0,15,2,15,8,6,2,10,32,12,0,0,15,155,0,0,0,0,0,0,72,12,1,11,6,0,13,2,4,0
06-Apr-21,2021-04-06,Deceased,630,0,7,0,2,2,2,53,0,0,17,1,17,9,5,2,4,39,14,0,0,18,297,0,0,0,0,0,2,61,13,0,15,6,0,30,7,7,0
07-Apr-21,2021-04-07,Deceased,684,0,11,0,0,3,2,53,0,0,20,2,22,11,9,6,7,35,16,0,0,13,322,0,0,0,0,1,1,62,12,0,17,5,1,40,5,8,0
08-Apr-21,2021-04-08,Deceased,802,0,6,0,1,4,1,94,0,0,24,2,35,11,6,1,7,36,18,0,0,27,376,1,1,0,0,0,0,56,20,0,19,7,0,39,3,7,0
09-Apr-21,2021-04-09,Deceased,773,0,11,0,3,3,4,91,0,0,39,3,42,11,7,4,17,46,22,0,0,23,301,0,0,0,0,1,0,56,12,0,23,5,0,36,5,8,0
10-Apr-21,2021-04-10,Deceased,838,0,12,0,2,6,3,123,0,0,39,1,49,11,12,6,17,36,17,1,0,24,309,0,0,0,0,2,2,58,18,0,23,6,0,46,3,12,0
11-Apr-21,2021-04-11,Deceased,904,0,9,0,1,6,3,122,0,0,48,2,54,16,0,5,21,40,16,0,0,24,349,1,0,0,2,0,2,59,10,0,22,7,0,67,8,10,0
12-Apr-21,2021-04-12,Deceased,880,0,11,0,0,6,1,132,0,0,72,2,55,14,9,0,19,52,11,0,0,37,258,0,0,1,0,2,2,52,25,0,19,6,1,72,7,14,0
13-Apr-21,2021-04-13,Deceased,1026,0,10,0,1,14,1,156,0,0,81,3,67,16,11,3,29,67,20,0,0,40,281,0,0,0,0,2,3,50,28,0,18,7,0,85,13,20,0
14-Apr-21,2021-04-14,Deceased,1038,1,18,0,3,21,3,120,0,0,104,4,73,18,13,5,31,38,22,1,0,51,278,0,0,0,0,3,2,63,29,0,25,8,0,67,13,24,0
15-Apr-21,2021-04-15,Deceased,1184,0,14,0,1,24,3,135,2,0,112,5,81,18,11,4,28,66,20,0,0,53,349,0,0,0,0,2,1,50,33,0,29,8,0,104,9,22,0
16-Apr-21,2021-04-16,Deceased,1338,0,20,0,4,13,1,138,0,0,141,6,94,20,9,2,56,78,21,0,0,60,398,0,1,0,1,3,3,50,31,0,33,9,0,103,17,26,0
17-Apr-21,2021-04-17,Deceased,1498,1,15,0,2,34,2,158,0,0,167,4,97,32,12,3,30,80,27,1,0,66,419,0,0,0,0,4,3,62,37,0,39,12,0,120,37,34,0
18-Apr-21,2021-04-18,Deceased,1620,0,22,0,6,27,3,170,0,0,161,11,110,29,10,6,50,81,25,0,0,66,503,0,1,0,0,2,3,68,42,0,42,15,0,127,12,28,0
19-Apr-21,2021-04-19,Deceased,1757,0,27,0,7,41,4,175,0,0,240,17,117,33,13,6,46,146,21,0,0,79,351,1,1,0,0,4,5,83,53,0,44,14,0,167,24,38,0
20-Apr-21,2021-04-20,Deceased,2021,0,35,0,3,51,4,191,0,0,277,26,121,35,16,8,45,149,28,1,0,77,519,1,0,0,0,5,4,60,64,0,48,18,0,162,27,46,0
21-Apr-21,2021-04-21,Deceased,2101,0,38,0,5,56,2,193,0,0,249,17,125,45,17,13,62,116,22,0,0,75,568,2,3,0,0,5,5,69,62,0,53,20,0,187,34,58,0
22-Apr-21,2021-04-22,Deceased,2257,1,31,0,10,59,4,207,0,0,306,21,137,55,18,8,106,123,28,1,0,75,568,1,0,0,0,7,4,75,59,1,59,23,0,195,19,56,0
23-Apr-21,2021-04-23,Deceased,2620,0,38,0,12,54,3,219,0,0,348,12,142,60,26,19,63,190,27,0,0,74,773,0,0,0,0,8,2,75,64,0,78,29,0,196,49,59,0
24-Apr-21,2021-04-24,Deceased,2761,1,37,0,14,77,3,218,0,0,357,17,152,60,24,15,110,208,25,1,0,104,676,2,1,0,1,8,9,92,74,0,80,33,0,222,81,59,0
25-Apr-21,2021-04-25,Deceased,2808,0,69,2,14,68,2,199,0,0,350,24,157,64,32,21,103,143,30,2,0,92,832,2,2,1,3,7,11,76,74,1,82,38,0,206,44,57,0
26-Apr-21,2021-04-26,Deceased,2762,0,51,0,15,67,5,226,0,0,380,38,158,75,27,25,124,201,28,0,0,88,524,5,1,0,0,9,10,98,84,2,94,43,0,249,67,68,0
27-Apr-21,2021-04-27,Deceased,3286,0,64,0,18,85,6,246,0,0,381,31,170,84,24,25,131,180,32,1,0,98,895,3,4,0,0,10,13,100,121,2,77,52,0,264,96,73,0
28-Apr-21,2021-04-28,Deceased,3646,1,71,0,22,84,11,279,0,0,368,24,174,95,33,30,149,229,41,0,0,105,1035,2,2,0,2,10,10,142,120,1,98,56,2,265,108,77,0
29-Apr-21,2021-04-29,Deceased,3502,0,57,1,26,89,8,251,0,0,395,36,180,97,40,26,145,270,48,1,3,95,771,5,2,0,0,12,12,137,158,3,107,58,0,295,85,89,0
30-Apr-21,2021-04-30,Deceased,3525,0,64,0,26,80,13,269,0,0,375,22,173,98,37,30,120,217,49,3,0,97,828,5,2,2,4,14,12,113,155,1,113,53,0,332,122,96,0
01-May-21,2021-05-01,Deceased,3685,1,61,0,23,82,11,229,0,0,412,54,172,125,28,47,169,271,48,1,0,102,802,5,3,0,3,11,12,138,160,1,147,51,2,304,107,103,0
02-May-21,2021-05-02,Deceased,3423,1,83,0,30,97,7,199,0,0,407,52,153,145,44,40,115,217,49,1,0,94,669,5,5,1,2,14,16,157,159,1,153,56,0,288,71,92,0
03-May-21,2021-05-03,Deceased,3439,1,71,0,29,82,11,266,0,0,448,46,140,140,43,51,129,239,45,3,2,93,567,7,6,1,6,5,15,155,154,1,122,49,1,285,128,98,0
04-May-21,2021-05-04,Deceased,3786,0,82,0,41,105,11,210,0,0,338,52,131,153,48,37,132,288,57,3,0,98,891,2,0,0,0,15,17,173,154,1,144,59,1,351,85,107,0
05-May-21,2021-05-05,Deceased,3979,1,85,0,55,61,14,253,0,0,311,71,133,181,32,52,141,346,58,0,1,71,920,10,6,0,3,16,18,180,155,4,167,51,0,353,127,103,0
06-May-21,2021-05-06,Deceased,3923,1,72,0,46,90,9,212,0,0,335,58,123,177,45,52,133,328,63,0,1,86,853,13,2,0,3,17,18,154,161,3,195,52,3,350,151,117,0
07-May-21,2021-05-07,Deceased,4233,0,73,1,47,62,8,208,0,0,341,56,119,162,56,50,136,592,54,1,1,84,898,2,6,0,1,19,19,165,164,2,197,87,1,372,137,112,0
08-May-21,2021-05-08,Deceased,4092,2,96,0,50,76,9,223,0,0,332,55,119,155,37,60,141,482,64,1,0,90,864,12,11,0,15,21,19,171,160,5,241,38,1,297,118,127,0
09-May-21,2021-05-09,Deceased,3749,2,92,0,48,67,10,189,0,0,273,67,121,151,55,54,97,490,68,2,0,86,572,15,18,2,3,19,26,191,159,2,236,35,1,294,180,124,0
10-May-21,2021-05-10,Deceased,3879,2,84,4,77,75,7,172,0,0,319,50,117,161,53,56,129,596,65,2,1,81,549,13,5,3,10,17,23,198,160,2,232,32,4,278,168,134,0
11-May-21,2021-05-11,Deceased,4198,0,108,4,85,72,10,199,0,0,347,75,118,144,64,65,103,480,79,0,0,94,793,20,9,0,6,18,30,214,169,8,298,32,3,301,118,132,0
12-May-21,2021-05-12,Deceased,4128,3,89,1,71,74,14,153,0,0,300,70,102,165,66,65,97,516,95,1,1,84,816,17,8,1,9,17,27,193,164,6,293,31,9,326,109,135,0
13-May-21,2021-05-13,Deceased,4000,2,89,3,75,90,10,195,0,0,308,63,109,163,63,55,108,344,97,3,2,74,850,10,18,0,12,19,24,186,159,9,297,33,2,277,122,129,0
14-May-21,2021-05-14,Deceased,3889,2,96,5,76,77,8,172,0,0,289,61,104,164,67,60,76,373,93,2,0,88,695,16,12,0,13,22,30,180,155,6,288,29,2,311,181,136,0
15-May-21,2021-05-15,Deceased,4077,0,98,1,63,73,8,129,0,0,337,58,95,144,56,63,65,349,96,2,0,72,960,10,21,0,6,21,20,216,149,5,303,32,3,281,197,144,0
16-May-21,2021-05-16,Deceased,4098,3,101,3,56,89,10,144,0,0,262,43,82,139,70,59,48,403,89,0,1,79,974,16,19,1,13,19,32,202,156,2,311,27,2,308,188,147,0
17-May-21,2021-05-17,Deceased,4334,1,109,4,92,96,6,149,0,0,340,53,81,114,58,73,60,476,87,0,0,77,1000,14,16,2,7,22,28,191,157,5,335,30,10,271,223,147,0
18-May-21,2021-05-18,Deceased,4529,3,99,2,73,111,6,153,0,0,265,45,67,124,78,71,62,525,97,5,1,70,1291,20,19,3,12,22,33,231,146,2,364,27,4,255,98,145,0
19-May-21,2021-05-19,Deceased,3877,3,106,2,89,104,9,146,0,0,235,31,71,153,69,62,53,468,112,1,3,88,594,23,24,1,6,21,29,208,139,2,365,25,5,280,193,157,0
20-May-21,2021-05-20,Deceased,4209,1,114,0,74,98,10,113,0,0,233,44,64,129,65,67,60,548,128,1,2,88,984,11,10,0,11,25,28,191,127,3,397,23,3,236,159,162,0
21-May-21,2021-05-21,Deceased,4194,2,104,3,81,98,14,96,0,0,252,30,65,112,57,43,46,353,142,1,2,79,1263,15,25,0,13,27,26,172,129,3,467,25,2,172,116,159,0
22-May-21,2021-05-22,Deceased,3739,3,118,3,79,103,12,103,0,0,182,39,54,98,55,48,41,451,176,3,2,89,682,13,21,1,13,26,30,201,115,1,448,21,2,218,134,154,0
23-May-21,2021-05-23,Deceased,4454,2,104,3,72,107,10,92,0,0,189,42,53,97,59,51,37,624,188,2,0,75,1320,14,22,2,14,28,34,192,113,3,422,19,6,231,71,156,0
24-May-21,2021-05-24,Deceased,3509,1,96,4,84,93,7,60,0,0,207,38,45,95,61,45,33,529,196,0,0,60,592,17,26,0,12,32,23,187,103,8,404,21,2,153,122,153,0
25-May-21,2021-05-25,Deceased,4160,2,106,2,92,104,5,77,0,0,156,39,44,128,60,53,20,588,177,1,2,68,1137,15,19,1,18,33,26,174,105,5,468,23,5,157,93,157,0
26-May-21,2021-05-26,Deceased,3843,2,99,3,90,99,8,56,0,0,130,39,36,106,44,40,19,530,151,2,0,72,992,10,10,0,12,35,27,185,107,2,475,20,3,193,93,153,0
27-May-21,2021-05-27,Deceased,3659,1,104,2,83,98,7,69,0,0,117,39,33,98,59,37,16,476,181,4,2,70,884,18,12,0,11,34,20,177,85,1,474,18,6,187,88,148,0
28-May-21,2021-05-28,Deceased,3611,4,103,2,80,61,6,67,0,0,139,32,27,96,64,56,20,401,194,2,1,63,973,13,20,1,5,33,21,176,78,3,486,19,6,154,60,145,0
29-May-21,2021-05-29,Deceased,3463,0,104,3,77,48,5,64,0,0,122,27,29,97,30,46,13,492,198,0,2,68,832,15,7,0,7,35,21,125,70,4,486,21,13,155,99,148,0
30-May-21,2021-05-30,Deceased,3130,1,94,1,55,52,5,37,0,0,78,28,25,89,41,29,19,381,186,1,1,60,814,17,13,1,13,33,21,127,66,3,493,16,9,138,41,142,0
31-May-21,2021-05-31,Deceased,2783,1,98,0,65,59,8,32,0,0,86,24,18,82,16,37,13,411,174,1,1,48,500,14,14,4,0,35,18,118,68,3,478,18,6,151,51,131,0
01-Jun-21,2021-06-01,Deceased,3205,3,104,1,51,59,5,29,0,0,62,22,22,80,38,32,9,464,194,1,0,45,854,18,14,2,9,37,14,99,65,4,490,15,6,175,45,137,0
02-Jun-21,2021-06-02,Deceased,2898,1,98,2,61,46,3,40,0,0,103,22,18,78,29,24,11,463,213,1,2,45,553,14,24,2,27,40,17,99,65,3,483,17,6,115,38,135,0
03-Jun-21,2021-06-03,Deceased,2717,0,81,1,46,28,1,22,0,0,45,17,17,71,23,29,10,514,153,2,0,50,643,10,9,2,5,42,16,92,44,3,460,18,9,108,38,108,0
04-Jun-21,2021-06-04,Deceased,3372,2,83,3,54,23,3,23,0,0,50,17,16,73,27,34,13,364,135,1,1,50,1377,14,18,2,12,39,18,87,40,3,463,15,5,136,58,113,0
05-Jun-21,2021-06-05,Deceased,2682,1,80,1,44,21,3,30,0,0,60,17,15,59,19,25,12,365,209,1,2,38,741,9,9,4,6,40,12,82,32,2,443,18,11,120,33,118,0
06-Jun-21,2021-06-06,Deceased,2444,0,90,2,37,41,4,25,0,0,34,16,12,48,18,23,8,320,227,0,0,42,618,9,12,1,4,42,15,67,25,5,434,14,8,101,35,107,0
07-Jun-21,2021-06-07,Deceased,2107,1,86,0,37,43,2,26,0,0,36,80,11,39,18,16,6,340,211,0,3,32,340,15,5,2,3,41,10,84,31,0,351,16,6,81,32,103,0
08-Jun-21,2021-06-08,Deceased,2222,2,77,1,43,34,5,14,0,0,41,19,11,38,13,11,13,179,124,0,1,36,702,12,9,2,3,45,6,59,32,2,409,15,8,92,66,98,0
09-Jun-21,2021-06-09,Deceased,6139,0,67,2,55,3971,2,14,0,0,36,18,10,40,15,17,3,192,156,0,0,36,661,7,16,1,3,43,4,74,30,1,405,17,5,91,52,95,0
10-Jun-21,2021-06-10,Deceased,3414,0,67,5,51,23,2,14,0,0,44,14,11,32,17,25,5,194,194,2,0,34,1915,10,10,3,6,44,9,74,23,3,358,14,14,81,29,87,0
11-Jun-21,2021-06-11,Deceased,3996,0,61,5,29,14,3,15,0,0,24,8,9,43,7,17,1,159,173,0,1,35,2619,19,10,0,4,43,11,68,27,2,378,16,5,70,31,89,0
12-Jun-21,2021-06-12,Deceased,3300,1,58,5,42,18,3,11,0,0,28,15,6,45,17,14,0,144,171,0,0,21,1966,15,13,1,3,47,9,68,16,0,374,13,8,68,19,81,0
13-Jun-21,2021-06-13,Deceased,3922,0,58,2,36,8,3,6,0,0,23,14,6,43,7,12,2,125,206,0,1,21,2771,15,6,1,5,45,7,59,7,0,267,15,9,51,7,84,0
14-Jun-21,2021-06-14,Deceased,2733,0,59,6,43,13,2,17,0,0,16,9,6,40,7,9,1,120,161,1,0,36,1592,16,10,7,3,44,7,40,20,0,254,12,7,72,25,78,0
15-Jun-21,2021-06-15,Deceased,2540,0,53,4,34,9,3,8,0,0,12,10,4,38,12,10,4,115,166,1,1,27,1458,8,7,0,3,42,5,48,14,3,267,14,4,56,25,75,0
16-Jun-21,2021-06-16,Deceased,2329,1,57,0,36,9,2,12,0,0,25,13,5,39,4,12,3,148,147,0,0,34,1236,10,8,2,2,44,6,48,9,1,270,11,5,49,12,69,0
17-Jun-21,2021-06-17,Deceased,1591,0,58,3,41,4,3,7,0,0,10,9,6,38,10,9,3,138,88,1,0,30,636,13,4,3,5,39,8,40,10,2,210,13,5,67,14,64,0
18-Jun-21,2021-06-18,Deceased,1645,0,57,1,33,9,2,7,0,0,14,6,5,36,5,8,2,168,90,0,0,28,648,12,9,1,1,37,4,33,9,3,287,12,3,51,6,58,0
19-Jun-21,2021-06-19,Deceased,1574,0,45,0,40,7,2,9,0,0,7,9,5,33,10,4,2,161,115,1,1,30,682,6,5,2,1,42,6,31,7,1,180,10,5,51,9,55,0
20-Jun-21,2021-06-20,Deceased,1424,0,50,0,30,7,0,10,0,0,7,6,4,30,3,14,0,120,112,1,0,30,605,8,4,4,1,40,3,24,4,2,182,11,4,46,9,53,0
21-Jun-21,2021-06-21,Deceased,1167,0,44,0,35,7,0,8,0,0,11,7,2,29,6,10,1,142,94,0,0,19,352,8,5,2,6,43,3,28,6,0,189,9,4,46,9,42,0
22-Jun-21,2021-06-22,Deceased,1359,0,53,1,37,6,0,7,0,0,8,11,3,20,5,7,2,139,141,0,1,20,482,10,3,1,2,38,1,34,3,3,194,10,4,58,8,47,0
23-Jun-21,2021-06-23,Deceased,1323,0,36,0,30,6,1,5,0,0,7,5,3,19,8,4,2,123,150,0,0,21,508,9,9,1,0,46,4,35,1,0,166,12,4,54,16,38,0
24-Jun-21,2021-06-24,Deceased,1328,0,38,2,34,4,0,8,0,0,8,9,2,19,2,11,2,138,136,0,0,22,556,11,10,1,2,44,3,21,0,2,155,9,2,30,6,41,0
25-Jun-21,2021-06-25,Deceased,1183,0,38,3,26,3,0,8,0,0,4,5,3,18,2,7,1,114,118,0,1,22,511,8,7,2,2,40,5,12,0,1,150,11,2,15,9,35,0
26-Jun-21,2021-06-26,Deceased,1258,0,38,2,33,2,0,4,0,0,9,5,3,17,6,5,3,115,118,0,0,25,511,15,3,2,6,47,2,23,5,2,148,9,3,62,3,32,0
27-Jun-21,2021-06-27,Deceased,978,0,33,0,37,1,0,4,0,0,4,7,3,17,2,8,1,89,62,0,0,21,405,16,2,0,0,39,3,12,4,0,91,8,3,75,2,29,0
28-Jun-21,2021-06-28,Deceased,907,1,31,0,42,4,0,6,0,0,2,7,3,16,3,6,0,93,110,0,0,19,287,6,8,0,6,43,1,20,2,3,98,9,4,41,4,32,0
29-Jun-21,2021-06-29,Deceased,819,0,41,1,27,1,1,1,0,0,4,2,2,16,1,6,2,93,104,0,0,18,231,11,4,1,0,40,3,22,2,1,118,7,3,18,3,35,0
30-Jun-21,2021-06-30,Deceased,1002,0,35,4,30,4,0,1,0,0,6,6,3,14,2,7,0,111,142,0,0,15,141,9,7,1,2,48,1,19,3,2,113,10,2,14,221,29,0
01-Jul-21,2021-07-01,Deceased,857,0,38,4,38,4,0,6,0,0,4,6,3,15,1,4,0,94,124,0,1,12,252,12,6,0,3,45,2,20,2,1,102,8,5,10,8,27,0
02-Jul-21,2021-07-02,Deceased,737,0,35,0,27,2,0,5,0,0,2,2,2,15,1,6,0,88,146,0,0,8,156,13,5,1,0,46,8,14,7,0,97,9,1,15,3,23,0
03-Jul-21,2021-07-03,Deceased,950,0,36,0,28,5,0,3,0,0,5,7,3,13,1,2,1,86,135,0,0,12,371,13,6,1,1,45,1,17,4,0,115,6,2,6,4,21,0
04-Jul-21,2021-07-04,Deceased,725,0,29,1,20,2,0,3,0,0,7,4,2,12,1,2,1,59,75,2,0,8,306,8,7,0,0,42,1,7,4,0,72,7,3,18,2,20,0
05-Jul-21,2021-07-05,Deceased,552,0,26,2,31,5,1,1,0,0,2,2,2,10,1,6,2,67,102,0,0,6,106,8,9,3,0,52,1,12,3,1,54,7,4,6,2,18,0
06-Jul-21,2021-07-06,Deceased,930,0,28,2,34,5,0,5,0,0,4,4,1,10,1,2,1,92,142,0,0,2,395,14,9,0,4,51,1,9,1,0,73,5,5,10,3,17,0
07-Jul-21,2021-07-07,Deceased,819,0,21,3,26,1,0,2,0,0,4,3,0,9,1,4,0,75,148,0,0,2,326,11,6,1,2,59,2,10,0,2,64,7,4,10,0,16,0
08-Jul-21,2021-07-08,Deceased,908,0,27,1,21,2,0,3,0,0,3,4,0,10,0,4,1,62,142,1,0,4,439,12,4,2,0,57,2,16,0,1,57,4,2,10,0,17,0
09-Jul-21,2021-07-09,Deceased,1207,0,14,1,24,0,0,5,0,0,3,2,1,9,1,1,0,68,130,1,0,1,738,10,9,0,2,61,1,11,1,0,69,6,6,13,0,19,0
10-Jul-21,2021-07-10,Deceased,898,1,26,2,24,4,0,3,0,0,1,7,0,8,3,2,0,48,109,0,0,1,494,7,7,2,0,58,1,9,2,1,49,5,3,4,0,17,0
11-Jul-21,2021-07-11,Deceased,720,0,16,1,16,0,0,3,0,0,3,2,0,8,1,1,0,56,97,0,0,0,350,14,2,4,0,65,0,9,0,2,47,4,0,5,1,13,0
12-Jul-21,2021-07-12,Deceased,2024,0,22,2,37,1,0,0,0,0,3,0,1,6,1,0,0,61,100,0,0,1481,146,15,5,5,4,63,2,7,0,2,36,6,3,2,2,11,0
13-Jul-21,2021-07-13,Deceased,625,0,18,2,23,0,0,4,0,0,2,4,0,7,4,1,1,48,124,0,0,2,196,22,5,1,3,68,0,6,0,0,48,3,2,4,10,17,0
14-Jul-21,2021-07-14,Deceased,578,0,15,2,22,2,0,4,0,0,1,0,0,8,3,2,0,45,128,0,0,0,170,17,3,2,2,65,1,8,2,0,55,5,1,0,1,14,0
15-Jul-21,2021-07-15,Deceased,544,0,24,2,27,4,0,3,0,0,1,1,0,7,3,1,0,48,87,0,0,2,170,14,5,1,0,66,1,5,0,1,49,4,3,1,2,12,0
16-Jul-21,2021-07-16,Deceased,560,0,16,2,24,1,0,3,0,0,1,4,0,8,2,1,0,42,130,0,0,0,167,10,5,3,3,64,2,3,0,1,46,4,1,6,1,10,0
17-Jul-21,2021-07-17,Deceased,517,0,18,2,23,1,0,2,0,0,4,3,1,7,1,1,0,42,114,0,0,2,124,15,8,1,5,67,1,9,2,2,43,5,1,4,1,8,0
18-Jul-21,2021-07-18,Deceased,501,0,17,1,15,2,0,2,0,0,0,2,1,6,2,1,0,36,81,0,0,0,180,11,6,2,4,66,2,9,1,3,29,3,2,6,0,11,0
19-Jul-21,2021-07-19,Deceased,372,0,22,1,20,1,0,4,0,0,3,0,0,6,0,1,2,40,58,0,0,0,66,16,10,1,2,58,0,4,1,0,28,5,3,7,1,12,0
20-Jul-21,2021-07-20,Deceased,3998,0,24,0,10,2,0,4,0,0,5,2,0,3,0,6,0,29,104,0,0,0,3656,17,13,2,2,56,3,7,0,1,30,2,1,9,0,10,0
21-Jul-21,2021-07-21,Deceased,510,0,19,1,25,3,0,2,0,0,4,5,0,3,0,1,0,36,106,0,0,0,165,15,6,2,3,69,0,2,0,1,27,5,2,2,0,6,0
22-Jul-21,2021-07-22,Deceased,481,0,12,4,22,0,0,1,0,0,1,5,0,2,2,1,0,31,122,0,0,0,120,12,14,3,1,67,2,4,1,2,29,3,1,4,2,13,0
23-Jul-21,2021-07-23,Deceased,542,0,14,4,15,0,0,1,0,0,1,3,0,3,2,1,0,30,132,1,0,0,167,15,21,1,1,69,3,6,0,1,24,4,2,5,0,16,0
24-Jul-21,2021-07-24,Deceased,541,0,18,1,23,2,0,3,0,0,0,0,0,1,2,0,2,29,98,0,0,0,224,14,5,4,1,68,1,2,0,1,27,2,4,1,0,8,0
25-Jul-21,2021-07-25,Deceased,411,0,15,3,22,2,0,5,0,0,2,6,0,2,1,0,0,22,66,0,0,0,123,13,10,1,4,67,2,8,0,0,22,4,1,1,0,9,0
26-Jul-21,2021-07-26,Deceased,418,0,17,2,26,0,0,1,0,0,1,4,0,3,2,1,0,31,135,0,0,0,53,9,7,1,3,62,1,12,0,1,26,3,5,0,0,12,0
27-Jul-21,2021-07-27,Deceased,641,0,19,3,18,0,0,2,0,0,2,4,0,2,2,0,1,32,156,0,0,0,254,11,9,2,5,60,1,3,1,2,29,4,3,4,2,10,0
28-Jul-21,2021-07-28,Deceased,640,0,20,3,21,0,0,1,0,0,3,2,0,3,2,1,1,19,131,0,1,1,286,12,8,1,2,69,1,5,0,0,29,2,1,1,0,14,0
29-Jul-21,2021-07-29,Deceased,549,0,20,1,20,3,0,0,0,0,0,2,0,3,0,1,0,35,128,0,0,0,190,11,14,0,4,65,0,4,0,4,28,3,2,-3,0,14,0
30-Jul-21,2021-07-30,Deceased,598,0,22,1,20,1,1,3,0,0,3,2,0,3,0,1,2,34,116,0,0,0,231,20,11,3,5,66,1,2,0,5,27,4,4,4,1,5,0
31-Jul-21,2021-07-31,Deceased,542,0,23,3,19,0,1,1,0,0,1,1,0,2,1,0,0,37,80,0,0,0,225,15,12,5,5,68,2,1,1,2,26,2,1,0,0,8,0
01-Aug-21,2021-08-01,Deceased,424,0,18,2,15,1,0,1,0,0,1,1,0,3,0,1,1,25,56,0,0,0,157,10,11,2,4,64,0,1,0,1,26,3,0,7,0,13,0
02-Aug-21,2021-08-02,Deceased,420,0,15,3,19,0,0,3,0,0,0,2,0,1,1,2,0,25,118,0,0,0,90,12,13,1,4,67,0,0,0,1,28,2,0,0,1,12,0
03-Aug-21,2021-08-03,Deceased,561,0,18,0,13,0,0,2,0,0,4,2,0,2,1,3,0,38,148,0,0,0,177,14,9,4,3,69,0,5,0,2,29,4,0,2,3,9,0
04-Aug-21,2021-08-04,Deceased,532,0,16,2,19,2,0,1,0,0,0,1,0,3,4,1,0,30,108,0,0,0,195,14,7,2,2,66,3,0,0,1,38,3,2,2,0,10,0
05-Aug-21,2021-08-05,Deceased,465,0,24,0,17,0,0,2,0,0,2,3,0,2,4,1,0,25,117,0,0,1,120,8,8,1,2,68,0,2,0,2,33,3,4,3,0,13,0
06-Aug-21,2021-08-06,Deceased,616,0,22,1,14,0,0,3,0,0,5,1,1,1,2,0,1,36,187,0,0,0,187,14,14,3,1,66,1,11,0,1,30,2,1,1,1,9,0
07-Aug-21,2021-08-07,Deceased,491,0,23,3,15,0,0,3,0,0,1,2,0,1,0,0,0,32,139,0,0,0,128,12,7,1,1,64,1,1,0,3,29,4,4,2,0,15,0
08-Aug-21,2021-08-08,Deceased,447,0,18,2,15,0,0,1,0,0,0,1,0,1,1,3,0,20,93,0,0,0,151,10,9,5,2,69,0,3,0,0,28,2,1,0,0,12,0
09-Aug-21,2021-08-09,Deceased,376,0,18,4,17,0,0,0,0,0,1,4,0,1,1,1,0,24,105,0,1,0,68,7,11,1,0,66,0,4,0,0,23,3,3,1,1,11,0
10-Aug-21,2021-08-10,Deceased,496,0,15,2,16,0,0,4,0,0,1,0,0,2,2,2,0,31,152,0,0,0,137,7,11,3,0,64,0,2,0,1,27,3,1,1,0,12,0
11-Aug-21,2021-08-11,Deceased,491,0,18,3,14,0,0,1,0,0,0,0,0,1,2,1,0,33,116,0,0,0,163,10,10,1,6,65,1,3,0,3,28,2,2,1,1,6,0
12-Aug-21,2021-08-12,Deceased,583,0,13,0,17,0,0,0,0,0,0,2,1,1,3,2,0,30,160,0,0,0,208,9,5,1,2,67,2,9,0,1,33,3,0,4,0,10,0
13-Aug-21,2021-08-13,Deceased,477,0,20,1,20,3,0,0,0,0,0,2,0,2,2,0,1,22,114,0,0,0,158,8,13,1,1,60,0,0,0,0,34,2,2,2,1,8,0
14-Aug-21,2021-08-14,Deceased,491,0,16,0,11,0,0,1,0,0,1,0,0,1,1,0,0,25,105,0,0,0,179,9,7,4,3,66,1,6,0,1,34,3,1,1,0,15,0
15-Aug-21,2021-08-15,Deceased,421,0,16,0,10,0,0,1,0,0,0,3,0,1,3,2,0,21,102,0,0,0,130,10,7,3,4,64,1,2,0,0,23,1,4,1,0,12,0
16-Aug-21,2021-08-16,Deceased,438,0,13,0,10,0,0,1,0,0,0,5,0,2,3,1,0,28,142,0,0,1,100,6,8,3,4,66,0,2,0,0,28,3,1,1,1,9,0
17-Aug-21,2021-08-17,Deceased,440,0,11,0,11,0,0,1,0,0,4,1,0,1,6,1,1,32,127,0,0,0,116,6,5,0,2,68,0,1,0,2,32,2,1,1,2,6,0
18-Aug-21,2021-08-18,Deceased,527,0,15,2,15,0,0,0,0,0,4,1,0,1,1,1,0,22,179,0,0,0,158,6,12,2,1,65,0,0,0,0,31,2,0,1,1,7,0
19-Aug-21,2021-08-19,Deceased,543,0,10,1,10,0,0,2,0,0,2,2,0,2,1,0,0,27,197,0,0,0,154,4,5,4,0,68,1,2,0,1,29,3,2,2,2,12,0
20-Aug-21,2021-08-20,Deceased,376,0,6,2,13,0,1,1,0,0,0,2,0,1,3,1,0,17,99,0,0,0,105,7,4,2,1,69,0,4,0,0,24,2,1,2,0,9,0
21-Aug-21,2021-08-21,Deceased,401,0,13,0,15,0,0,0,0,0,0,2,1,1,1,0,0,18,83,0,0,0,145,8,8,0,0,66,2,1,0,0,23,2,0,1,1,10,0
22-Aug-21,2021-08-22,Deceased,385,0,8,2,10,0,0,1,0,0,0,1,0,1,6,1,0,22,66,0,0,1,145,4,9,4,1,69,0,0,0,1,23,2,0,0,0,8,0
23-Aug-21,2021-08-23,Deceased,357,0,12,0,11,1,0,1,0,0,0,1,0,1,5,1,0,10,90,0,0,0,105,4,3,4,0,68,0,1,0,2,25,3,2,0,0,7,0
24-Aug-21,2021-08-24,Deceased,650,0,15,0,13,0,0,1,0,0,0,0,0,1,4,1,0,29,173,0,0,0,288,4,4,1,1,67,1,2,0,0,27,1,3,2,0,12,0
25-Aug-21,2021-08-25,Deceased,605,0,16,0,7,0,0,0,0,0,1,1,1,1,1,0,0,22,215,0,0,0,216,4,7,0,1,69,0,3,0,0,27,2,1,0,0,10,0
26-Aug-21,2021-08-26,Deceased,493,0,12,1,11,0,0,0,0,0,0,4,0,1,3,0,0,25,162,0,0,0,159,4,2,1,0,66,0,4,0,0,26,1,2,0,0,9,0
27-Aug-21,2021-08-27,Deceased,514,0,10,0,9,2,0,0,0,0,0,0,1,1,3,1,0,17,179,0,0,0,170,3,2,4,2,69,0,2,0,1,21,2,2,2,3,8,0
28-Aug-21,2021-08-28,Deceased,457,0,19,0,9,1,1,0,0,0,0,2,0,1,6,1,0,13,153,0,0,0,126,5,3,3,0,68,1,2,0,1,21,2,1,11,0,7,0
29-Aug-21,2021-08-29,Deceased,527,0,18,0,4,0,0,0,0,0,0,2,0,1,1,1,0,17,75,0,0,0,131,4,7,3,148,69,2,3,0,0,22,1,1,11,0,6,0
30-Aug-21,2021-08-30,Deceased,205,0,13,0,15,0,0,0,0,0,1,3,0,1,3,0,0,15,132,0,0,0,52,2,1,2,-145,67,0,4,0,1,21,2,1,2,1,11,0
31-Aug-21,2021-08-31,Deceased,462,0,19,0,5,0,0,0,0,0,1,3,0,2,3,1,0,25,115,0,0,0,104,1,4,3,3,68,0,58,0,0,22,1,2,3,6,13,0
01-Sep-21,2021-09-01,Deceased,507,0,10,0,11,0,1,0,0,0,0,1,0,0,5,1,0,21,173,0,0,0,183,2,4,1,0,53,1,3,0,0,20,3,0,2,0,12,0
02-Sep-21,2021-09-02,Deceased,355,0,10,1,6,1,0,2,0,0,0,0,0,2,1,0,0,22,188,0,0,0,55,6,7,1,-10,6,2,1,0,1,20,2,2,16,0,13,0
03-Sep-21,2021-09-03,Deceased,342,0,10,1,6,0,0,-1,0,0,0,1,1,2,4,0,0,19,131,0,0,0,92,2,1,0,16,7,0,2,0,2,19,2,1,13,0,11,0
04-Sep-21,2021-09-04,Deceased,309,0,16,2,10,0,0,0,0,0,0,0,0,2,1,1,1,21,142,0,0,0,64,4,2,3,0,5,1,2,0,0,20,3,0,0,1,8,0
05-Sep-21,2021-09-05,Deceased,218,0,8,0,6,1,0,0,0,0,0,5,0,0,2,0,0,8,74,0,0,0,67,2,4,1,0,7,1,0,0,0,18,1,0,2,0,11,0
06-Sep-21,2021-09-06,Deceased,290,0,14,3,11,1,0,1,0,0,0,2,0,2,2,0,0,17,135,0,0,0,37,4,0,2,5,8,1,5,0,2,18,2,0,5,0,13,0
07-Sep-21,2021-09-07,Deceased,368,0,10,1,9,0,1,0,0,0,1,0,0,1,5,0,0,15,189,0,0,0,86,0,4,2,1,7,1,3,0,1,19,2,0,2,1,7,0
08-Sep-21,2021-09-08,Deceased,339,0,15,1,4,1,0,0,0,0,0,2,0,0,4,1,0,17,181,0,0,0,65,3,4,1,2,8,0,2,0,0,18,1,0,0,0,9,0
09-Sep-21,2021-09-09,Deceased,258,0,14,0,4,1,1,1,0,0,0,0,0,0,6,0,0,4,125,0,0,0,55,1,2,2,0,8,1,2,0,0,21,2,0,0,0,8,0
10-Sep-21,2021-09-10,Deceased,310,0,6,0,5,0,0,0,0,0,0,2,0,0,2,0,0,10,177,0,0,1,44,1,7,3,0,6,0,2,0,1,25,1,2,1,0,14,0
11-Sep-21,2021-09-11,Deceased,338,0,17,1,8,0,0,0,0,0,0,2,0,0,5,1,0,15,181,0,0,0,35,2,6,2,2,8,1,0,0,0,27,1,0,10,0,14,0
12-Sep-21,2021-09-12,Deceased,219,0,11,0,11,0,1,0,0,0,0,1,0,0,1,2,0,17,67,0,0,0,46,2,4,2,3,6,2,0,0,0,22,2,0,9,0,10,0
13-Sep-21,2021-09-13,Deceased,340,0,12,0,7,0,0,0,0,0,0,0,0,121,3,0,0,13,99,0,0,0,27,1,3,4,6,6,0,4,0,0,22,2,0,0,0,10,0
14-Sep-21,2021-09-14,Deceased,281,0,9,1,9,0,1,1,0,0,0,2,0,0,3,0,0,12,129,0,0,0,52,3,2,3,1,4,0,7,0,1,27,1,0,1,0,12,0
15-Sep-21,2021-09-15,Deceased,432,0,11,0,8,0,0,0,0,0,0,70,0,1,2,1,0,8,208,0,0,0,56,2,6,4,0,6,2,0,0,1,29,1,1,1,0,14,0
16-Sep-21,2021-09-16,Deceased,318,0,14,0,4,0,0,0,0,0,1,0,0,0,3,0,0,18,178,0,0,0,45,4,3,3,2,4,2,3,0,0,25,1,0,1,0,7,0
17-Sep-21,2021-09-17,Deceased,285,0,8,0,9,0,0,1,0,0,1,1,0,0,0,1,0,18,131,0,0,0,67,5,1,3,4,4,1,0,0,0,17,2,1,1,0,9,0
18-Sep-21,2021-09-18,Deceased,306,0,9,0,2,0,0,0,0,0,0,2,0,0,2,0,0,14,143,0,0,0,80,4,3,3,1,6,1,0,0,0,22,1,0,0,1,12,0
19-Sep-21,2021-09-19,Deceased,296,0,9,0,7,1,0,1,0,0,0,2,0,0,1,0,0,16,152,0,0,0,49,1,5,2,0,7,2,1,0,0,27,1,1,0,0,11,0
20-Sep-21,2021-09-20,Deceased,251,0,8,1,10,0,0,2,0,0,0,1,0,0,3,1,0,24,92,0,0,0,28,1,1,2,1,6,1,31,0,1,23,2,0,0,0,12,0
21-Sep-21,2021-09-21,Deceased,385,0,11,1,6,0,0,0,0,0,0,2,0,0,2,2,0,21,214,0,0,0,70,3,1,6,3,5,0,2,0,0,19,1,1,0,1,14,0
22-Sep-21,2021-09-22,Deceased,280,0,8,0,4,0,1,0,0,0,0,0,0,1,4,0,0,20,142,0,0,0,48,1,4,3,1,4,2,0,0,1,21,1,0,1,0,13,0
23-Sep-21,2021-09-23,Deceased,318,0,11,0,10,1,0,0,0,0,0,0,0,0,3,0,0,15,152,0,0,0,61,2,1,8,2,7,0,2,0,1,27,1,1,1,0,12,0
24-Sep-21,2021-09-24,Deceased,291,0,10,0,7,0,0,0,0,0,0,2,0,0,0,1,0,23,127,0,0,1,51,5,3,7,1,6,0,1,0,1,27,2,0,1,2,13,0
25-Sep-21,2021-09-25,Deceased,259,0,7,1,4,0,0,1,0,0,0,0,0,1,4,1,0,11,120,0,0,0,58,0,2,1,1,7,2,1,0,2,22,1,1,0,0,11,0
26-Sep-21,2021-09-26,Deceased,276,0,11,0,5,0,0,0,0,0,0,4,0,0,3,1,0,9,165,0,0,0,36,3,1,6,0,5,2,1,0,1,14,0,0,0,0,9,0
27-Sep-21,2021-09-27,Deceased,181,0,6,0,8,0,0,0,0,0,0,0,0,0,0,0,0,20,58,0,0,0,32,1,3,9,1,5,0,1,0,1,19,2,0,0,0,15,0
28-Sep-21,2021-09-28,Deceased,375,0,8,1,10,0,0,0,0,0,2,5,0,64,3,0,2,17,149,0,0,2,60,5,2,2,1,7,1,2,0,0,17,1,0,1,0,13,0
29-Sep-21,2021-09-29,Deceased,313,0,13,1,7,0,0,1,0,0,0,4,0,0,3,0,0,17,155,0,0,2,49,2,3,3,1,5,1,4,0,0,24,1,1,1,1,14,0
30-Sep-21,2021-09-30,Deceased,278,0,13,0,5,1,0,1,0,0,0,2,0,0,1,0,0,14,122,0,0,0,56,1,4,3,0,6,0,3,0,0,28,2,1,0,0,15,0
01-Oct-21,2021-10-01,Deceased,233,0,10,1,3,0,0,0,0,0,0,3,0,0,3,1,0,13,95,0,0,0,50,3,0,4,1,4,0,2,0,0,25,1,0,0,1,13,0
02-Oct-21,2021-10-02,Deceased,242,0,9,0,4,0,0,0,0,0,1,0,0,0,2,1,0,4,121,0,0,0,49,2,1,3,0,7,0,2,0,1,24,1,1,0,0,9,0
03-Oct-21,2021-10-03,Deceased,182,0,9,0,1,0,0,0,0,0,0,0,0,0,0,0,0,8,74,0,0,0,40,2,2,3,0,5,1,0,0,0,23,1,1,2,0,10,0
04-Oct-21,2021-10-04,Deceased,263,0,4,0,9,0,0,2,0,0,0,3,0,0,4,0,0,13,149,0,0,0,27,6,1,7,0,6,1,1,0,0,16,2,0,0,0,12,0
05-Oct-21,2021-10-05,Deceased,276,0,11,0,7,0,1,0,0,0,0,2,1,1,3,0,0,13,151,0,0,0,39,3,1,5,0,3,1,4,0,0,16,1,0,2,0,11,0
